-- phpMyAdmin SQL Dump
-- version 5.2.1
-- https://www.phpmyadmin.net/
--
-- Host: 127.0.0.1
-- Creato il: Ott 21, 2025 alle 13:01
-- Versione del server: 10.4.32-MariaDB
-- Versione PHP: 8.2.12

SET SQL_MODE = "NO_AUTO_VALUE_ON_ZERO";
START TRANSACTION;
SET time_zone = "+00:00";


/*!40101 SET @OLD_CHARACTER_SET_CLIENT=@@CHARACTER_SET_CLIENT */;
/*!40101 SET @OLD_CHARACTER_SET_RESULTS=@@CHARACTER_SET_RESULTS */;
/*!40101 SET @OLD_COLLATION_CONNECTION=@@COLLATION_CONNECTION */;
/*!40101 SET NAMES utf8mb4 */;

--
-- Database: `db_academy`
--

-- --------------------------------------------------------

--
-- Struttura della tabella `city`
--

CREATE TABLE `city` (
  `CityID` int(11) NOT NULL,
  `ProvinceID` int(11) NOT NULL,
  `CityName` varchar(25) NOT NULL,
  `isDeleted` tinyint(1) DEFAULT 0
) ENGINE=InnoDB DEFAULT CHARSET=utf8mb4 COLLATE=utf8mb4_general_ci;

--
-- Dump dei dati per la tabella `city`
--

INSERT INTO `city` (`CityID`, `ProvinceID`, `CityName`, `isDeleted`) VALUES
(1, 1, 'Agrigento', 0),
(2, 1, 'Canicattì', 0),
(3, 1, 'Licata', 0),
(4, 1, 'Favara', 0),
(5, 1, 'Sciacca', 0),
(6, 2, 'Caltanissetta', 0),
(7, 2, 'Gela', 0),
(8, 2, 'Niscemi', 0),
(9, 2, 'San Cataldo', 0),
(10, 2, 'Mazzarino', 0),
(11, 3, 'Catania', 0),
(12, 3, 'Acireale', 0),
(13, 3, 'Paternò', 0),
(14, 3, 'Adrano', 0),
(15, 3, 'Misterbianco', 0),
(16, 4, 'Enna', 0),
(17, 4, 'Piazza Armerina', 0),
(18, 4, 'Leonforte', 0),
(19, 4, 'Nicosia', 0),
(20, 4, 'Barrafranca', 0),
(21, 5, 'Messina', 0),
(22, 5, 'Barcellona Pozzo di Gotto', 0),
(23, 5, 'Milazzo', 0),
(24, 5, 'Patti', 0),
(25, 5, 'Taormina', 0),
(26, 6, 'Palermo', 0),
(27, 6, 'Bagheria', 0),
(28, 6, 'Monreale', 0),
(29, 6, 'Termini Imerese', 0),
(30, 6, 'Carini', 0),
(31, 7, 'Ragusa', 0),
(32, 7, 'Modica', 0),
(33, 7, 'Vittoria', 0),
(34, 7, 'Comiso', 0),
(35, 7, 'Scicli', 0),
(36, 8, 'Siracusa', 0),
(37, 8, 'Augusta', 0),
(38, 8, 'Noto', 0),
(39, 8, 'Lentini', 0),
(40, 8, 'Avola', 0),
(41, 9, 'Trapani', 0),
(42, 9, 'Marsala', 0),
(43, 9, 'Mazara del Vallo', 0),
(44, 9, 'Alcamo', 0),
(45, 9, 'Castelvetrano', 0);

-- --------------------------------------------------------

--
-- Struttura della tabella `course`
--

CREATE TABLE `course` (
  `CourseID` int(11) NOT NULL,
  `CourseName` varchar(60) NOT NULL,
  `SiteID` int(11) NOT NULL,
  `TutorID` int(11) NOT NULL,
  `StartDate` date DEFAULT NULL,
  `EndDate` date DEFAULT NULL,
  `isDeleted` tinyint(1) DEFAULT 0
) ENGINE=InnoDB DEFAULT CHARSET=utf8mb4 COLLATE=utf8mb4_general_ci;

--
-- Dump dei dati per la tabella `course`
--

INSERT INTO `course` (`CourseID`, `CourseName`, `SiteID`, `TutorID`, `StartDate`, `EndDate`, `isDeleted`) VALUES
(1, 'Corso di A.I. & Data Analysis 28', 9, 2, '2025-02-28', NULL, 0),
(2, 'Corso di Web Developer A.I. 29', 9, 4, '2024-08-08', NULL, 0),
(3, 'Corso di Web & Cyber Security 30', 7, 2, '2025-08-07', NULL, 0),
(4, 'Corso di Industry 4.0 & Smart Manufacturing 31', 10, 3, '2022-11-29', '2024-11-29', 0),
(5, 'Corso di Industry 4.0 & Smart Manufacturing 32', 8, 1, '2022-03-24', '2024-03-24', 0),
(6, 'Corso di Web & Cyber Security 33', 6, 2, '2024-06-06', NULL, 0),
(7, 'Corso di Web & Cyber Security 34', 6, 4, '2022-11-06', '2024-11-06', 0),
(8, 'Corso di A.I. & Data Analysis 35', 3, 1, '2022-03-14', '2024-03-14', 0),
(9, 'Corso di Web Developer A.I. 36', 5, 2, '2023-04-01', '2025-04-01', 0),
(10, 'Corso di Tecnico TBM (Tunnel Boring Machine) 37', 4, 1, '2021-11-15', '2023-11-15', 0);

-- --------------------------------------------------------

--
-- Struttura della tabella `grade`
--

CREATE TABLE `grade` (
  `GradeID` int(11) NOT NULL,
  `StudentID` int(11) NOT NULL,
  `ModuleID` int(11) NOT NULL,
  `Grade` decimal(4,2) DEFAULT NULL,
  `isDeleted` tinyint(1) DEFAULT 0
) ENGINE=InnoDB DEFAULT CHARSET=utf8mb4 COLLATE=utf8mb4_general_ci;

--
-- Dump dei dati per la tabella `grade`
--

INSERT INTO `grade` (`GradeID`, `StudentID`, `ModuleID`, `Grade`, `isDeleted`) VALUES
(1, 1, 61, 8.00, 0),
(2, 1, 62, NULL, 0),
(3, 1, 63, NULL, 0),
(4, 1, 64, 7.00, 0),
(5, 1, 65, NULL, 0),
(6, 1, 66, NULL, 0),
(7, 1, 67, NULL, 0),
(8, 1, 68, NULL, 0),
(9, 1, 69, NULL, 0),
(10, 1, 70, 4.00, 0),
(11, 1, 71, NULL, 0),
(12, 1, 72, NULL, 0),
(13, 2, 37, 7.00, 0),
(14, 2, 38, 8.00, 0),
(15, 2, 39, 5.00, 0),
(16, 2, 40, 10.00, 0),
(17, 2, 41, 9.00, 0),
(18, 2, 42, 9.00, 0),
(19, 2, 43, 6.00, 0),
(20, 2, 44, 8.00, 0),
(21, 2, 45, 6.00, 0),
(22, 2, 46, 5.00, 0),
(23, 2, 47, 8.00, 0),
(24, 2, 48, 8.00, 0),
(25, 3, 1, NULL, 0),
(26, 3, 2, NULL, 0),
(27, 3, 3, NULL, 0),
(28, 3, 4, NULL, 0),
(29, 3, 5, NULL, 0),
(30, 3, 6, NULL, 0),
(31, 3, 7, NULL, 0),
(32, 3, 8, 8.00, 0),
(33, 3, 9, NULL, 0),
(34, 3, 10, NULL, 0),
(35, 3, 11, NULL, 0),
(36, 3, 12, NULL, 0),
(37, 4, 109, 6.00, 0),
(38, 4, 110, 4.00, 0),
(39, 4, 111, 6.00, 0),
(40, 4, 112, 5.00, 0),
(41, 4, 113, 6.00, 0),
(42, 4, 114, 4.00, 0),
(43, 4, 115, 10.00, 0),
(44, 4, 116, 10.00, 0),
(45, 4, 117, 4.00, 0),
(46, 4, 118, 6.00, 0),
(47, 4, 119, 7.00, 0),
(48, 4, 120, 7.00, 0),
(49, 5, 25, NULL, 0),
(50, 5, 26, NULL, 0),
(51, 5, 27, NULL, 0),
(52, 5, 28, NULL, 0),
(53, 5, 29, NULL, 0),
(54, 5, 30, NULL, 0),
(55, 5, 31, 10.00, 0),
(56, 5, 32, 6.00, 0),
(57, 5, 33, NULL, 0),
(58, 5, 34, NULL, 0),
(59, 5, 35, NULL, 0),
(60, 5, 36, NULL, 0),
(61, 6, 109, 10.00, 0),
(62, 6, 110, 9.00, 0),
(63, 6, 111, 4.00, 0),
(64, 6, 112, 8.00, 0),
(65, 6, 113, 7.00, 0),
(66, 6, 114, 10.00, 0),
(67, 6, 115, 6.00, 0),
(68, 6, 116, 8.00, 0),
(69, 6, 117, 4.00, 0),
(70, 6, 118, 4.00, 0),
(71, 6, 119, 4.00, 0),
(72, 6, 120, 6.00, 0),
(73, 7, 109, 4.00, 0),
(74, 7, 110, 9.00, 0),
(75, 7, 111, 8.00, 0),
(76, 7, 112, 9.00, 0),
(77, 7, 113, 7.00, 0),
(78, 7, 114, 4.00, 0),
(79, 7, 115, 7.00, 0),
(80, 7, 116, 4.00, 0),
(81, 7, 117, 10.00, 0),
(82, 7, 118, 9.00, 0),
(83, 7, 119, 6.00, 0),
(84, 7, 120, 7.00, 0),
(85, 8, 13, NULL, 0),
(86, 8, 14, NULL, 0),
(87, 8, 15, NULL, 0),
(88, 8, 16, 10.00, 0),
(89, 8, 17, 9.00, 0),
(90, 8, 18, NULL, 0),
(91, 8, 19, NULL, 0),
(92, 8, 20, NULL, 0),
(93, 8, 21, NULL, 0),
(94, 8, 22, NULL, 0),
(95, 8, 23, NULL, 0),
(96, 8, 24, NULL, 0),
(97, 9, 61, NULL, 0),
(98, 9, 62, 8.00, 0),
(99, 9, 63, NULL, 0),
(100, 9, 64, NULL, 0),
(101, 9, 65, NULL, 0),
(102, 9, 66, NULL, 0),
(103, 9, 67, NULL, 0),
(104, 9, 68, NULL, 0),
(105, 9, 69, 9.00, 0),
(106, 9, 70, NULL, 0),
(107, 9, 71, NULL, 0),
(108, 9, 72, NULL, 0),
(109, 10, 73, 6.00, 0),
(110, 10, 74, 4.00, 0),
(111, 10, 75, 6.00, 0),
(112, 10, 76, 5.00, 0),
(113, 10, 77, 5.00, 0),
(114, 10, 78, 8.00, 0),
(115, 10, 79, 6.00, 0),
(116, 10, 80, 10.00, 0),
(117, 10, 81, 9.00, 0),
(118, 10, 82, 4.00, 0),
(119, 10, 83, 10.00, 0),
(120, 10, 84, 6.00, 0),
(121, 11, 73, 10.00, 0),
(122, 11, 74, 7.00, 0),
(123, 11, 75, 7.00, 0),
(124, 11, 76, 5.00, 0),
(125, 11, 77, 8.00, 0),
(126, 11, 78, 10.00, 0),
(127, 11, 79, 6.00, 0),
(128, 11, 80, 8.00, 0),
(129, 11, 81, 9.00, 0),
(130, 11, 82, 7.00, 0),
(131, 11, 83, 5.00, 0),
(132, 11, 84, 10.00, 0),
(133, 12, 85, 4.00, 0),
(134, 12, 86, 7.00, 0),
(135, 12, 87, 8.00, 0),
(136, 12, 88, 5.00, 0),
(137, 12, 89, 4.00, 0),
(138, 12, 90, 6.00, 0),
(139, 12, 91, 4.00, 0),
(140, 12, 92, 9.00, 0),
(141, 12, 93, 5.00, 0),
(142, 12, 94, 7.00, 0),
(143, 12, 95, 7.00, 0),
(144, 12, 96, 4.00, 0),
(145, 13, 97, 4.00, 0),
(146, 13, 98, 7.00, 0),
(147, 13, 99, 5.00, 0),
(148, 13, 100, 9.00, 0),
(149, 13, 101, 7.00, 0),
(150, 13, 102, 8.00, 0),
(151, 13, 103, 9.00, 0),
(152, 13, 104, 7.00, 0),
(153, 13, 105, 4.00, 0),
(154, 13, 106, 6.00, 0),
(155, 13, 107, 10.00, 0),
(156, 13, 108, 4.00, 0),
(157, 14, 13, NULL, 0),
(158, 14, 14, NULL, 0),
(159, 14, 15, 4.00, 0),
(160, 14, 16, NULL, 0),
(161, 14, 17, NULL, 0),
(162, 14, 18, NULL, 0),
(163, 14, 19, NULL, 0),
(164, 14, 20, NULL, 0),
(165, 14, 21, NULL, 0),
(166, 14, 22, 5.00, 0),
(167, 14, 23, NULL, 0),
(168, 14, 24, NULL, 0),
(169, 15, 61, NULL, 0),
(170, 15, 62, NULL, 0),
(171, 15, 63, NULL, 0),
(172, 15, 64, NULL, 0),
(173, 15, 65, NULL, 0),
(174, 15, 66, NULL, 0),
(175, 15, 67, NULL, 0),
(176, 15, 68, NULL, 0),
(177, 15, 69, NULL, 0),
(178, 15, 70, NULL, 0),
(179, 15, 71, 6.00, 0),
(180, 15, 72, 6.00, 0),
(181, 16, 73, 7.00, 0),
(182, 16, 74, 10.00, 0),
(183, 16, 75, 6.00, 0),
(184, 16, 76, 7.00, 0),
(185, 16, 77, 9.00, 0),
(186, 16, 78, 10.00, 0),
(187, 16, 79, 8.00, 0),
(188, 16, 80, 5.00, 0),
(189, 16, 81, 6.00, 0),
(190, 16, 82, 9.00, 0),
(191, 16, 83, 6.00, 0),
(192, 16, 84, 4.00, 0),
(193, 17, 73, 5.00, 0),
(194, 17, 74, 9.00, 0),
(195, 17, 75, 5.00, 0),
(196, 17, 76, 6.00, 0),
(197, 17, 77, 10.00, 0),
(198, 17, 78, 5.00, 0),
(199, 17, 79, 6.00, 0),
(200, 17, 80, 9.00, 0),
(201, 17, 81, 9.00, 0),
(202, 17, 82, 5.00, 0),
(203, 17, 83, 5.00, 0),
(204, 17, 84, 4.00, 0),
(205, 18, 49, 7.00, 0),
(206, 18, 50, 4.00, 0),
(207, 18, 51, 6.00, 0),
(208, 18, 52, 8.00, 0),
(209, 18, 53, 6.00, 0),
(210, 18, 54, 8.00, 0),
(211, 18, 55, 4.00, 0),
(212, 18, 56, 6.00, 0),
(213, 18, 57, 7.00, 0),
(214, 18, 58, 7.00, 0),
(215, 18, 59, 7.00, 0),
(216, 18, 60, 9.00, 0),
(217, 19, 49, 10.00, 0),
(218, 19, 50, 10.00, 0),
(219, 19, 51, 5.00, 0),
(220, 19, 52, 9.00, 0),
(221, 19, 53, 10.00, 0),
(222, 19, 54, 6.00, 0),
(223, 19, 55, 10.00, 0),
(224, 19, 56, 8.00, 0),
(225, 19, 57, 6.00, 0),
(226, 19, 58, 10.00, 0),
(227, 19, 59, 4.00, 0),
(228, 19, 60, 4.00, 0),
(229, 20, 61, NULL, 0),
(230, 20, 62, 5.00, 0),
(231, 20, 63, NULL, 0),
(232, 20, 64, NULL, 0),
(233, 20, 65, NULL, 0),
(234, 20, 66, 7.00, 0),
(235, 20, 67, NULL, 0),
(236, 20, 68, NULL, 0),
(237, 20, 69, NULL, 0),
(238, 20, 70, 5.00, 0),
(239, 20, 71, NULL, 0),
(240, 20, 72, NULL, 0),
(241, 21, 49, 7.00, 0),
(242, 21, 50, 4.00, 0),
(243, 21, 51, 6.00, 0),
(244, 21, 52, 8.00, 0),
(245, 21, 53, 5.00, 0),
(246, 21, 54, 8.00, 0),
(247, 21, 55, 5.00, 0),
(248, 21, 56, 10.00, 0),
(249, 21, 57, 6.00, 0),
(250, 21, 58, 10.00, 0),
(251, 21, 59, 10.00, 0),
(252, 21, 60, 4.00, 0),
(253, 22, 37, 6.00, 0),
(254, 22, 38, 9.00, 0),
(255, 22, 39, 7.00, 0),
(256, 22, 40, 6.00, 0),
(257, 22, 41, 4.00, 0),
(258, 22, 42, 6.00, 0),
(259, 22, 43, 7.00, 0),
(260, 22, 44, 5.00, 0),
(261, 22, 45, 9.00, 0),
(262, 22, 46, 5.00, 0),
(263, 22, 47, 9.00, 0),
(264, 22, 48, 4.00, 0),
(265, 23, 37, 8.00, 0),
(266, 23, 38, 9.00, 0),
(267, 23, 39, 9.00, 0),
(268, 23, 40, 8.00, 0),
(269, 23, 41, 6.00, 0),
(270, 23, 42, 6.00, 0),
(271, 23, 43, 4.00, 0),
(272, 23, 44, 9.00, 0),
(273, 23, 45, 10.00, 0),
(274, 23, 46, 9.00, 0),
(275, 23, 47, 4.00, 0),
(276, 23, 48, 10.00, 0),
(277, 24, 85, 10.00, 0),
(278, 24, 86, 10.00, 0),
(279, 24, 87, 5.00, 0),
(280, 24, 88, 6.00, 0),
(281, 24, 89, 7.00, 0),
(282, 24, 90, 9.00, 0),
(283, 24, 91, 6.00, 0),
(284, 24, 92, 4.00, 0),
(285, 24, 93, 8.00, 0),
(286, 24, 94, 6.00, 0),
(287, 24, 95, 4.00, 0),
(288, 24, 96, 7.00, 0),
(289, 25, 61, NULL, 0),
(290, 25, 62, NULL, 0),
(291, 25, 63, NULL, 0),
(292, 25, 64, NULL, 0),
(293, 25, 65, NULL, 0),
(294, 25, 66, NULL, 0),
(295, 25, 67, NULL, 0),
(296, 25, 68, NULL, 0),
(297, 25, 69, NULL, 0),
(298, 25, 70, NULL, 0),
(299, 25, 71, 5.00, 0),
(300, 25, 72, NULL, 0),
(301, 26, 85, 4.00, 0),
(302, 26, 86, 9.00, 0),
(303, 26, 87, 4.00, 0),
(304, 26, 88, 7.00, 0),
(305, 26, 89, 7.00, 0),
(306, 26, 90, 7.00, 0),
(307, 26, 91, 6.00, 0),
(308, 26, 92, 6.00, 0),
(309, 26, 93, 4.00, 0),
(310, 26, 94, 5.00, 0),
(311, 26, 95, 8.00, 0),
(312, 26, 96, 9.00, 0),
(313, 27, 25, NULL, 0),
(314, 27, 26, NULL, 0),
(315, 27, 27, NULL, 0),
(316, 27, 28, NULL, 0),
(317, 27, 29, 6.00, 0),
(318, 27, 30, 8.00, 0),
(319, 27, 31, 7.00, 0),
(320, 27, 32, NULL, 0),
(321, 27, 33, NULL, 0),
(322, 27, 34, NULL, 0),
(323, 27, 35, 4.00, 0),
(324, 27, 36, NULL, 0),
(325, 28, 73, 6.00, 0),
(326, 28, 74, 7.00, 0),
(327, 28, 75, 6.00, 0),
(328, 28, 76, 10.00, 0),
(329, 28, 77, 9.00, 0),
(330, 28, 78, 5.00, 0),
(331, 28, 79, 7.00, 0),
(332, 28, 80, 7.00, 0),
(333, 28, 81, 7.00, 0),
(334, 28, 82, 4.00, 0),
(335, 28, 83, 5.00, 0),
(336, 28, 84, 5.00, 0),
(337, 29, 61, NULL, 0),
(338, 29, 62, NULL, 0),
(339, 29, 63, NULL, 0),
(340, 29, 64, 5.00, 0),
(341, 29, 65, NULL, 0),
(342, 29, 66, 8.00, 0),
(343, 29, 67, NULL, 0),
(344, 29, 68, NULL, 0),
(345, 29, 69, NULL, 0),
(346, 29, 70, NULL, 0),
(347, 29, 71, 10.00, 0),
(348, 29, 72, NULL, 0),
(349, 30, 109, 4.00, 0),
(350, 30, 110, 8.00, 0),
(351, 30, 111, 9.00, 0),
(352, 30, 112, 7.00, 0),
(353, 30, 113, 9.00, 0),
(354, 30, 114, 5.00, 0),
(355, 30, 115, 9.00, 0),
(356, 30, 116, 4.00, 0),
(357, 30, 117, 7.00, 0),
(358, 30, 118, 6.00, 0),
(359, 30, 119, 8.00, 0),
(360, 30, 120, 4.00, 0),
(361, 31, 73, 9.00, 0),
(362, 31, 74, 4.00, 0),
(363, 31, 75, 8.00, 0),
(364, 31, 76, 7.00, 0),
(365, 31, 77, 8.00, 0),
(366, 31, 78, 8.00, 0),
(367, 31, 79, 10.00, 0),
(368, 31, 80, 7.00, 0),
(369, 31, 81, 10.00, 0),
(370, 31, 82, 4.00, 0),
(371, 31, 83, 9.00, 0),
(372, 31, 84, 4.00, 0),
(373, 32, 25, NULL, 0),
(374, 32, 26, NULL, 0),
(375, 32, 27, 4.00, 0),
(376, 32, 28, NULL, 0),
(377, 32, 29, NULL, 0),
(378, 32, 30, NULL, 0),
(379, 32, 31, 10.00, 0),
(380, 32, 32, NULL, 0),
(381, 32, 33, NULL, 0),
(382, 32, 34, 6.00, 0),
(383, 32, 35, 7.00, 0),
(384, 32, 36, 7.00, 0),
(385, 33, 73, 8.00, 0),
(386, 33, 74, 4.00, 0),
(387, 33, 75, 5.00, 0),
(388, 33, 76, 5.00, 0),
(389, 33, 77, 10.00, 0),
(390, 33, 78, 4.00, 0),
(391, 33, 79, 7.00, 0),
(392, 33, 80, 8.00, 0),
(393, 33, 81, 9.00, 0),
(394, 33, 82, 9.00, 0),
(395, 33, 83, 5.00, 0),
(396, 33, 84, 7.00, 0),
(397, 34, 37, 10.00, 0),
(398, 34, 38, 5.00, 0),
(399, 34, 39, 5.00, 0),
(400, 34, 40, 6.00, 0),
(401, 34, 41, 8.00, 0),
(402, 34, 42, 4.00, 0),
(403, 34, 43, 8.00, 0),
(404, 34, 44, 6.00, 0),
(405, 34, 45, 7.00, 0),
(406, 34, 46, 5.00, 0),
(407, 34, 47, 10.00, 0),
(408, 34, 48, 6.00, 0),
(409, 35, 37, 6.00, 0),
(410, 35, 38, 4.00, 0),
(411, 35, 39, 4.00, 0),
(412, 35, 40, 5.00, 0),
(413, 35, 41, 6.00, 0),
(414, 35, 42, 5.00, 0),
(415, 35, 43, 10.00, 0),
(416, 35, 44, 6.00, 0),
(417, 35, 45, 4.00, 0),
(418, 35, 46, 8.00, 0),
(419, 35, 47, 10.00, 0),
(420, 35, 48, 10.00, 0),
(421, 36, 61, NULL, 0),
(422, 36, 62, NULL, 0),
(423, 36, 63, NULL, 0),
(424, 36, 64, NULL, 0),
(425, 36, 65, NULL, 0),
(426, 36, 66, NULL, 0),
(427, 36, 67, NULL, 0),
(428, 36, 68, NULL, 0),
(429, 36, 69, NULL, 0),
(430, 36, 70, NULL, 0),
(431, 36, 71, NULL, 0),
(432, 36, 72, 4.00, 0),
(433, 37, 49, 7.00, 0),
(434, 37, 50, 7.00, 0),
(435, 37, 51, 4.00, 0),
(436, 37, 52, 6.00, 0),
(437, 37, 53, 5.00, 0),
(438, 37, 54, 10.00, 0),
(439, 37, 55, 8.00, 0),
(440, 37, 56, 7.00, 0),
(441, 37, 57, 7.00, 0),
(442, 37, 58, 4.00, 0),
(443, 37, 59, 6.00, 0),
(444, 37, 60, 5.00, 0),
(445, 38, 13, NULL, 0),
(446, 38, 14, NULL, 0),
(447, 38, 15, 5.00, 0),
(448, 38, 16, NULL, 0),
(449, 38, 17, NULL, 0),
(450, 38, 18, 7.00, 0),
(451, 38, 19, NULL, 0),
(452, 38, 20, NULL, 0),
(453, 38, 21, NULL, 0),
(454, 38, 22, NULL, 0),
(455, 38, 23, NULL, 0),
(456, 38, 24, 8.00, 0),
(457, 39, 85, 6.00, 0),
(458, 39, 86, 7.00, 0),
(459, 39, 87, 6.00, 0),
(460, 39, 88, 4.00, 0),
(461, 39, 89, 9.00, 0),
(462, 39, 90, 6.00, 0),
(463, 39, 91, 10.00, 0),
(464, 39, 92, 4.00, 0),
(465, 39, 93, 10.00, 0),
(466, 39, 94, 10.00, 0),
(467, 39, 95, 8.00, 0),
(468, 39, 96, 5.00, 0),
(469, 40, 49, 8.00, 0),
(470, 40, 50, 7.00, 0),
(471, 40, 51, 8.00, 0),
(472, 40, 52, 8.00, 0),
(473, 40, 53, 9.00, 0),
(474, 40, 54, 5.00, 0),
(475, 40, 55, 10.00, 0),
(476, 40, 56, 5.00, 0),
(477, 40, 57, 10.00, 0),
(478, 40, 58, 9.00, 0),
(479, 40, 59, 8.00, 0),
(480, 40, 60, 5.00, 0),
(481, 41, 109, 8.00, 0),
(482, 41, 110, 10.00, 0),
(483, 41, 111, 6.00, 0),
(484, 41, 112, 6.00, 0),
(485, 41, 113, 7.00, 0),
(486, 41, 114, 6.00, 0),
(487, 41, 115, 4.00, 0),
(488, 41, 116, 10.00, 0),
(489, 41, 117, 10.00, 0),
(490, 41, 118, 5.00, 0),
(491, 41, 119, 6.00, 0),
(492, 41, 120, 7.00, 0),
(493, 42, 49, 9.00, 0),
(494, 42, 50, 9.00, 0),
(495, 42, 51, 8.00, 0),
(496, 42, 52, 8.00, 0),
(497, 42, 53, 10.00, 0),
(498, 42, 54, 5.00, 0),
(499, 42, 55, 6.00, 0),
(500, 42, 56, 9.00, 0),
(501, 42, 57, 8.00, 0),
(502, 42, 58, 6.00, 0),
(503, 42, 59, 4.00, 0),
(504, 42, 60, 7.00, 0),
(505, 43, 61, NULL, 0),
(506, 43, 62, NULL, 0),
(507, 43, 63, NULL, 0),
(508, 43, 64, NULL, 0),
(509, 43, 65, NULL, 0),
(510, 43, 66, NULL, 0),
(511, 43, 67, NULL, 0),
(512, 43, 68, NULL, 0),
(513, 43, 69, NULL, 0),
(514, 43, 70, NULL, 0),
(515, 43, 71, NULL, 0),
(516, 43, 72, NULL, 0),
(517, 44, 13, NULL, 0),
(518, 44, 14, NULL, 0),
(519, 44, 15, NULL, 0),
(520, 44, 16, NULL, 0),
(521, 44, 17, NULL, 0),
(522, 44, 18, 4.00, 0),
(523, 44, 19, NULL, 0),
(524, 44, 20, NULL, 0),
(525, 44, 21, 6.00, 0),
(526, 44, 22, NULL, 0),
(527, 44, 23, NULL, 0),
(528, 44, 24, NULL, 0),
(529, 45, 61, 7.00, 0),
(530, 45, 62, NULL, 0),
(531, 45, 63, 5.00, 0),
(532, 45, 64, NULL, 0),
(533, 45, 65, NULL, 0),
(534, 45, 66, NULL, 0),
(535, 45, 67, NULL, 0),
(536, 45, 68, NULL, 0),
(537, 45, 69, 10.00, 0),
(538, 45, 70, NULL, 0),
(539, 45, 71, NULL, 0),
(540, 45, 72, NULL, 0),
(541, 46, 97, 9.00, 0),
(542, 46, 98, 5.00, 0),
(543, 46, 99, 8.00, 0),
(544, 46, 100, 6.00, 0),
(545, 46, 101, 5.00, 0),
(546, 46, 102, 8.00, 0),
(547, 46, 103, 6.00, 0),
(548, 46, 104, 6.00, 0),
(549, 46, 105, 5.00, 0),
(550, 46, 106, 5.00, 0),
(551, 46, 107, 9.00, 0),
(552, 46, 108, 10.00, 0),
(553, 47, 97, 7.00, 0),
(554, 47, 98, 6.00, 0),
(555, 47, 99, 10.00, 0),
(556, 47, 100, 9.00, 0),
(557, 47, 101, 7.00, 0),
(558, 47, 102, 7.00, 0),
(559, 47, 103, 9.00, 0),
(560, 47, 104, 10.00, 0),
(561, 47, 105, 5.00, 0),
(562, 47, 106, 6.00, 0),
(563, 47, 107, 7.00, 0),
(564, 47, 108, 9.00, 0),
(565, 48, 97, 4.00, 0),
(566, 48, 98, 8.00, 0),
(567, 48, 99, 4.00, 0),
(568, 48, 100, 8.00, 0),
(569, 48, 101, 5.00, 0),
(570, 48, 102, 6.00, 0),
(571, 48, 103, 7.00, 0),
(572, 48, 104, 5.00, 0),
(573, 48, 105, 5.00, 0),
(574, 48, 106, 7.00, 0),
(575, 48, 107, 8.00, 0),
(576, 48, 108, 4.00, 0),
(577, 49, 49, 9.00, 0),
(578, 49, 50, 5.00, 0),
(579, 49, 51, 6.00, 0),
(580, 49, 52, 8.00, 0),
(581, 49, 53, 7.00, 0),
(582, 49, 54, 9.00, 0),
(583, 49, 55, 5.00, 0),
(584, 49, 56, 4.00, 0),
(585, 49, 57, 4.00, 0),
(586, 49, 58, 4.00, 0),
(587, 49, 59, 6.00, 0),
(588, 49, 60, 6.00, 0),
(589, 50, 49, 4.00, 0),
(590, 50, 50, 7.00, 0),
(591, 50, 51, 6.00, 0),
(592, 50, 52, 7.00, 0),
(593, 50, 53, 5.00, 0),
(594, 50, 54, 9.00, 0),
(595, 50, 55, 7.00, 0),
(596, 50, 56, 10.00, 0),
(597, 50, 57, 9.00, 0),
(598, 50, 58, 6.00, 0),
(599, 50, 59, 4.00, 0),
(600, 50, 60, 4.00, 0),
(601, 51, 37, 7.00, 0),
(602, 51, 38, 9.00, 0),
(603, 51, 39, 6.00, 0),
(604, 51, 40, 6.00, 0),
(605, 51, 41, 4.00, 0),
(606, 51, 42, 6.00, 0),
(607, 51, 43, 4.00, 0),
(608, 51, 44, 7.00, 0),
(609, 51, 45, 10.00, 0),
(610, 51, 46, 4.00, 0),
(611, 51, 47, 8.00, 0),
(612, 51, 48, 4.00, 0),
(613, 52, 49, 7.00, 0),
(614, 52, 50, 9.00, 0),
(615, 52, 51, 9.00, 0),
(616, 52, 52, 10.00, 0),
(617, 52, 53, 9.00, 0),
(618, 52, 54, 8.00, 0),
(619, 52, 55, 7.00, 0),
(620, 52, 56, 5.00, 0),
(621, 52, 57, 4.00, 0),
(622, 52, 58, 7.00, 0),
(623, 52, 59, 9.00, 0),
(624, 52, 60, 6.00, 0),
(625, 53, 97, 8.00, 0),
(626, 53, 98, 8.00, 0),
(627, 53, 99, 8.00, 0),
(628, 53, 100, 7.00, 0),
(629, 53, 101, 7.00, 0),
(630, 53, 102, 10.00, 0),
(631, 53, 103, 10.00, 0),
(632, 53, 104, 6.00, 0),
(633, 53, 105, 6.00, 0),
(634, 53, 106, 8.00, 0),
(635, 53, 107, 6.00, 0),
(636, 53, 108, 4.00, 0),
(637, 54, 61, NULL, 0),
(638, 54, 62, NULL, 0),
(639, 54, 63, 7.00, 0),
(640, 54, 64, NULL, 0),
(641, 54, 65, NULL, 0),
(642, 54, 66, 10.00, 0),
(643, 54, 67, NULL, 0),
(644, 54, 68, NULL, 0),
(645, 54, 69, NULL, 0),
(646, 54, 70, NULL, 0),
(647, 54, 71, NULL, 0),
(648, 54, 72, NULL, 0),
(649, 55, 85, 4.00, 0),
(650, 55, 86, 9.00, 0),
(651, 55, 87, 5.00, 0),
(652, 55, 88, 6.00, 0),
(653, 55, 89, 6.00, 0),
(654, 55, 90, 7.00, 0),
(655, 55, 91, 10.00, 0),
(656, 55, 92, 5.00, 0),
(657, 55, 93, 9.00, 0),
(658, 55, 94, 6.00, 0),
(659, 55, 95, 5.00, 0),
(660, 55, 96, 10.00, 0),
(661, 56, 37, 4.00, 0),
(662, 56, 38, 8.00, 0),
(663, 56, 39, 8.00, 0),
(664, 56, 40, 5.00, 0),
(665, 56, 41, 9.00, 0),
(666, 56, 42, 10.00, 0),
(667, 56, 43, 8.00, 0),
(668, 56, 44, 8.00, 0),
(669, 56, 45, 9.00, 0),
(670, 56, 46, 10.00, 0),
(671, 56, 47, 10.00, 0),
(672, 56, 48, 4.00, 0),
(673, 57, 73, 9.00, 0),
(674, 57, 74, 4.00, 0),
(675, 57, 75, 5.00, 0),
(676, 57, 76, 6.00, 0),
(677, 57, 77, 7.00, 0),
(678, 57, 78, 7.00, 0),
(679, 57, 79, 4.00, 0),
(680, 57, 80, 4.00, 0),
(681, 57, 81, 4.00, 0),
(682, 57, 82, 9.00, 0),
(683, 57, 83, 8.00, 0),
(684, 57, 84, 9.00, 0),
(685, 58, 85, 9.00, 0),
(686, 58, 86, 10.00, 0),
(687, 58, 87, 10.00, 0),
(688, 58, 88, 10.00, 0),
(689, 58, 89, 5.00, 0),
(690, 58, 90, 8.00, 0),
(691, 58, 91, 8.00, 0),
(692, 58, 92, 9.00, 0),
(693, 58, 93, 6.00, 0),
(694, 58, 94, 5.00, 0),
(695, 58, 95, 9.00, 0),
(696, 58, 96, 9.00, 0),
(697, 59, 49, 4.00, 0),
(698, 59, 50, 6.00, 0),
(699, 59, 51, 6.00, 0),
(700, 59, 52, 9.00, 0),
(701, 59, 53, 5.00, 0),
(702, 59, 54, 9.00, 0),
(703, 59, 55, 6.00, 0),
(704, 59, 56, 8.00, 0),
(705, 59, 57, 8.00, 0),
(706, 59, 58, 4.00, 0),
(707, 59, 59, 7.00, 0),
(708, 59, 60, 10.00, 0),
(709, 60, 97, 6.00, 0),
(710, 60, 98, 4.00, 0),
(711, 60, 99, 10.00, 0),
(712, 60, 100, 7.00, 0),
(713, 60, 101, 9.00, 0),
(714, 60, 102, 8.00, 0),
(715, 60, 103, 5.00, 0),
(716, 60, 104, 5.00, 0),
(717, 60, 105, 4.00, 0),
(718, 60, 106, 8.00, 0),
(719, 60, 107, 5.00, 0),
(720, 60, 108, 10.00, 0),
(721, 61, 1, NULL, 0),
(722, 61, 2, 9.00, 0),
(723, 61, 3, NULL, 0),
(724, 61, 4, NULL, 0),
(725, 61, 5, NULL, 0),
(726, 61, 6, 5.00, 0),
(727, 61, 7, NULL, 0),
(728, 61, 8, NULL, 0),
(729, 61, 9, NULL, 0),
(730, 61, 10, NULL, 0),
(731, 61, 11, 10.00, 0),
(732, 61, 12, NULL, 0),
(733, 62, 85, 7.00, 0),
(734, 62, 86, 6.00, 0),
(735, 62, 87, 5.00, 0),
(736, 62, 88, 9.00, 0),
(737, 62, 89, 10.00, 0),
(738, 62, 90, 5.00, 0),
(739, 62, 91, 6.00, 0),
(740, 62, 92, 6.00, 0),
(741, 62, 93, 7.00, 0),
(742, 62, 94, 6.00, 0),
(743, 62, 95, 8.00, 0),
(744, 62, 96, 8.00, 0),
(745, 63, 85, 5.00, 0),
(746, 63, 86, 6.00, 0),
(747, 63, 87, 8.00, 0),
(748, 63, 88, 7.00, 0),
(749, 63, 89, 9.00, 0),
(750, 63, 90, 10.00, 0),
(751, 63, 91, 4.00, 0),
(752, 63, 92, 5.00, 0),
(753, 63, 93, 10.00, 0),
(754, 63, 94, 4.00, 0),
(755, 63, 95, 9.00, 0),
(756, 63, 96, 10.00, 0),
(757, 64, 37, 5.00, 0),
(758, 64, 38, 8.00, 0),
(759, 64, 39, 9.00, 0),
(760, 64, 40, 7.00, 0),
(761, 64, 41, 5.00, 0),
(762, 64, 42, 8.00, 0),
(763, 64, 43, 10.00, 0),
(764, 64, 44, 4.00, 0),
(765, 64, 45, 6.00, 0),
(766, 64, 46, 8.00, 0),
(767, 64, 47, 5.00, 0),
(768, 64, 48, 4.00, 0),
(769, 65, 85, 7.00, 0),
(770, 65, 86, 4.00, 0),
(771, 65, 87, 4.00, 0),
(772, 65, 88, 7.00, 0),
(773, 65, 89, 8.00, 0),
(774, 65, 90, 7.00, 0),
(775, 65, 91, 7.00, 0),
(776, 65, 92, 7.00, 0),
(777, 65, 93, 8.00, 0),
(778, 65, 94, 10.00, 0),
(779, 65, 95, 9.00, 0),
(780, 65, 96, 10.00, 0),
(781, 66, 97, 5.00, 0),
(782, 66, 98, 5.00, 0),
(783, 66, 99, 4.00, 0),
(784, 66, 100, 6.00, 0),
(785, 66, 101, 4.00, 0),
(786, 66, 102, 5.00, 0),
(787, 66, 103, 7.00, 0),
(788, 66, 104, 6.00, 0),
(789, 66, 105, 8.00, 0),
(790, 66, 106, 8.00, 0),
(791, 66, 107, 5.00, 0),
(792, 66, 108, 6.00, 0),
(793, 67, 13, NULL, 0),
(794, 67, 14, NULL, 0),
(795, 67, 15, 7.00, 0),
(796, 67, 16, NULL, 0),
(797, 67, 17, NULL, 0),
(798, 67, 18, 6.00, 0),
(799, 67, 19, NULL, 0),
(800, 67, 20, NULL, 0),
(801, 67, 21, NULL, 0),
(802, 67, 22, NULL, 0),
(803, 67, 23, NULL, 0),
(804, 67, 24, NULL, 0),
(805, 68, 61, NULL, 0),
(806, 68, 62, NULL, 0),
(807, 68, 63, 4.00, 0),
(808, 68, 64, 9.00, 0),
(809, 68, 65, 9.00, 0),
(810, 68, 66, 4.00, 0),
(811, 68, 67, NULL, 0),
(812, 68, 68, NULL, 0),
(813, 68, 69, NULL, 0),
(814, 68, 70, NULL, 0),
(815, 68, 71, 8.00, 0),
(816, 68, 72, 7.00, 0),
(817, 69, 49, 8.00, 0),
(818, 69, 50, 6.00, 0),
(819, 69, 51, 4.00, 0),
(820, 69, 52, 5.00, 0),
(821, 69, 53, 8.00, 0),
(822, 69, 54, 10.00, 0),
(823, 69, 55, 10.00, 0),
(824, 69, 56, 9.00, 0),
(825, 69, 57, 8.00, 0),
(826, 69, 58, 9.00, 0),
(827, 69, 59, 5.00, 0),
(828, 69, 60, 9.00, 0),
(829, 70, 1, NULL, 0),
(830, 70, 2, NULL, 0),
(831, 70, 3, NULL, 0),
(832, 70, 4, 10.00, 0),
(833, 70, 5, NULL, 0),
(834, 70, 6, 5.00, 0),
(835, 70, 7, NULL, 0),
(836, 70, 8, NULL, 0),
(837, 70, 9, NULL, 0),
(838, 70, 10, 9.00, 0),
(839, 70, 11, NULL, 0),
(840, 70, 12, NULL, 0),
(841, 71, 97, 10.00, 0),
(842, 71, 98, 9.00, 0),
(843, 71, 99, 10.00, 0),
(844, 71, 100, 8.00, 0),
(845, 71, 101, 4.00, 0),
(846, 71, 102, 5.00, 0),
(847, 71, 103, 4.00, 0),
(848, 71, 104, 5.00, 0),
(849, 71, 105, 4.00, 0),
(850, 71, 106, 6.00, 0),
(851, 71, 107, 9.00, 0),
(852, 71, 108, 5.00, 0),
(853, 72, 25, 8.00, 0),
(854, 72, 26, NULL, 0),
(855, 72, 27, NULL, 0),
(856, 72, 28, NULL, 0),
(857, 72, 29, NULL, 0),
(858, 72, 30, 7.00, 0),
(859, 72, 31, NULL, 0),
(860, 72, 32, NULL, 0),
(861, 72, 33, NULL, 0),
(862, 72, 34, NULL, 0),
(863, 72, 35, NULL, 0),
(864, 72, 36, 6.00, 0),
(865, 73, 97, 6.00, 0),
(866, 73, 98, 10.00, 0),
(867, 73, 99, 6.00, 0),
(868, 73, 100, 4.00, 0),
(869, 73, 101, 6.00, 0),
(870, 73, 102, 6.00, 0),
(871, 73, 103, 4.00, 0),
(872, 73, 104, 7.00, 0),
(873, 73, 105, 9.00, 0),
(874, 73, 106, 9.00, 0),
(875, 73, 107, 6.00, 0),
(876, 73, 108, 10.00, 0),
(877, 74, 49, 9.00, 0),
(878, 74, 50, 5.00, 0),
(879, 74, 51, 4.00, 0),
(880, 74, 52, 6.00, 0),
(881, 74, 53, 7.00, 0),
(882, 74, 54, 8.00, 0),
(883, 74, 55, 4.00, 0),
(884, 74, 56, 10.00, 0),
(885, 74, 57, 7.00, 0),
(886, 74, 58, 7.00, 0),
(887, 74, 59, 6.00, 0),
(888, 74, 60, 8.00, 0),
(889, 75, 25, 8.00, 0),
(890, 75, 26, NULL, 0),
(891, 75, 27, 10.00, 0),
(892, 75, 28, 7.00, 0),
(893, 75, 29, NULL, 0),
(894, 75, 30, NULL, 0),
(895, 75, 31, NULL, 0),
(896, 75, 32, NULL, 0),
(897, 75, 33, NULL, 0),
(898, 75, 34, 10.00, 0),
(899, 75, 35, 8.00, 0),
(900, 75, 36, 8.00, 0),
(901, 76, 61, NULL, 0),
(902, 76, 62, NULL, 0),
(903, 76, 63, NULL, 0),
(904, 76, 64, NULL, 0),
(905, 76, 65, NULL, 0),
(906, 76, 66, NULL, 0),
(907, 76, 67, 7.00, 0),
(908, 76, 68, 5.00, 0),
(909, 76, 69, 7.00, 0),
(910, 76, 70, NULL, 0),
(911, 76, 71, NULL, 0),
(912, 76, 72, NULL, 0),
(913, 77, 61, 8.00, 0),
(914, 77, 62, NULL, 0),
(915, 77, 63, 8.00, 0),
(916, 77, 64, NULL, 0),
(917, 77, 65, 8.00, 0),
(918, 77, 66, NULL, 0),
(919, 77, 67, NULL, 0),
(920, 77, 68, NULL, 0),
(921, 77, 69, 8.00, 0),
(922, 77, 70, NULL, 0),
(923, 77, 71, NULL, 0),
(924, 77, 72, NULL, 0),
(925, 78, 85, 10.00, 0),
(926, 78, 86, 9.00, 0),
(927, 78, 87, 4.00, 0),
(928, 78, 88, 5.00, 0),
(929, 78, 89, 9.00, 0),
(930, 78, 90, 7.00, 0),
(931, 78, 91, 9.00, 0),
(932, 78, 92, 7.00, 0),
(933, 78, 93, 9.00, 0),
(934, 78, 94, 8.00, 0),
(935, 78, 95, 5.00, 0),
(936, 78, 96, 5.00, 0),
(937, 79, 109, 10.00, 0),
(938, 79, 110, 5.00, 0),
(939, 79, 111, 6.00, 0),
(940, 79, 112, 7.00, 0),
(941, 79, 113, 9.00, 0),
(942, 79, 114, 10.00, 0),
(943, 79, 115, 6.00, 0),
(944, 79, 116, 7.00, 0),
(945, 79, 117, 5.00, 0),
(946, 79, 118, 4.00, 0),
(947, 79, 119, 6.00, 0),
(948, 79, 120, 6.00, 0),
(949, 80, 13, NULL, 0),
(950, 80, 14, NULL, 0),
(951, 80, 15, 4.00, 0),
(952, 80, 16, NULL, 0),
(953, 80, 17, 6.00, 0),
(954, 80, 18, NULL, 0),
(955, 80, 19, 4.00, 0),
(956, 80, 20, 8.00, 0),
(957, 80, 21, NULL, 0),
(958, 80, 22, NULL, 0),
(959, 80, 23, NULL, 0),
(960, 80, 24, NULL, 0),
(961, 81, 61, 4.00, 0),
(962, 81, 62, 5.00, 0),
(963, 81, 63, NULL, 0),
(964, 81, 64, 7.00, 0),
(965, 81, 65, NULL, 0),
(966, 81, 66, 5.00, 0),
(967, 81, 67, NULL, 0),
(968, 81, 68, NULL, 0),
(969, 81, 69, NULL, 0),
(970, 81, 70, NULL, 0),
(971, 81, 71, NULL, 0),
(972, 81, 72, NULL, 0),
(973, 82, 1, NULL, 0),
(974, 82, 2, NULL, 0),
(975, 82, 3, NULL, 0),
(976, 82, 4, 7.00, 0),
(977, 82, 5, 7.00, 0),
(978, 82, 6, NULL, 0),
(979, 82, 7, NULL, 0),
(980, 82, 8, NULL, 0),
(981, 82, 9, NULL, 0),
(982, 82, 10, 7.00, 0),
(983, 82, 11, NULL, 0),
(984, 82, 12, NULL, 0),
(985, 83, 49, 7.00, 0),
(986, 83, 50, 6.00, 0),
(987, 83, 51, 4.00, 0),
(988, 83, 52, 6.00, 0),
(989, 83, 53, 9.00, 0),
(990, 83, 54, 8.00, 0),
(991, 83, 55, 8.00, 0),
(992, 83, 56, 8.00, 0),
(993, 83, 57, 7.00, 0),
(994, 83, 58, 9.00, 0),
(995, 83, 59, 7.00, 0),
(996, 83, 60, 10.00, 0),
(997, 84, 73, 9.00, 0),
(998, 84, 74, 9.00, 0),
(999, 84, 75, 10.00, 0),
(1000, 84, 76, 9.00, 0),
(1001, 84, 77, 4.00, 0),
(1002, 84, 78, 9.00, 0),
(1003, 84, 79, 6.00, 0),
(1004, 84, 80, 7.00, 0),
(1005, 84, 81, 9.00, 0),
(1006, 84, 82, 8.00, 0),
(1007, 84, 83, 10.00, 0),
(1008, 84, 84, 10.00, 0),
(1009, 85, 13, 6.00, 0),
(1010, 85, 14, NULL, 0),
(1011, 85, 15, NULL, 0),
(1012, 85, 16, 5.00, 0),
(1013, 85, 17, NULL, 0),
(1014, 85, 18, NULL, 0),
(1015, 85, 19, 9.00, 0),
(1016, 85, 20, NULL, 0),
(1017, 85, 21, NULL, 0),
(1018, 85, 22, 10.00, 0),
(1019, 85, 23, NULL, 0),
(1020, 85, 24, 5.00, 0),
(1021, 86, 73, 7.00, 0),
(1022, 86, 74, 5.00, 0),
(1023, 86, 75, 10.00, 0),
(1024, 86, 76, 5.00, 0),
(1025, 86, 77, 10.00, 0),
(1026, 86, 78, 4.00, 0),
(1027, 86, 79, 6.00, 0),
(1028, 86, 80, 9.00, 0),
(1029, 86, 81, 4.00, 0),
(1030, 86, 82, 10.00, 0),
(1031, 86, 83, 7.00, 0),
(1032, 86, 84, 7.00, 0),
(1033, 87, 1, NULL, 0),
(1034, 87, 2, NULL, 0),
(1035, 87, 3, NULL, 0),
(1036, 87, 4, NULL, 0),
(1037, 87, 5, NULL, 0),
(1038, 87, 6, NULL, 0),
(1039, 87, 7, NULL, 0),
(1040, 87, 8, 5.00, 0),
(1041, 87, 9, NULL, 0),
(1042, 87, 10, 9.00, 0),
(1043, 87, 11, 7.00, 0),
(1044, 87, 12, 8.00, 0),
(1045, 88, 25, 6.00, 0),
(1046, 88, 26, NULL, 0),
(1047, 88, 27, NULL, 0),
(1048, 88, 28, NULL, 0),
(1049, 88, 29, NULL, 0),
(1050, 88, 30, NULL, 0),
(1051, 88, 31, 8.00, 0),
(1052, 88, 32, NULL, 0),
(1053, 88, 33, 6.00, 0),
(1054, 88, 34, NULL, 0),
(1055, 88, 35, NULL, 0),
(1056, 88, 36, NULL, 0),
(1057, 89, 97, 7.00, 0),
(1058, 89, 98, 4.00, 0),
(1059, 89, 99, 6.00, 0),
(1060, 89, 100, 7.00, 0),
(1061, 89, 101, 5.00, 0),
(1062, 89, 102, 10.00, 0),
(1063, 89, 103, 7.00, 0),
(1064, 89, 104, 5.00, 0),
(1065, 89, 105, 10.00, 0),
(1066, 89, 106, 5.00, 0),
(1067, 89, 107, 10.00, 0),
(1068, 89, 108, 6.00, 0),
(1069, 90, 13, 10.00, 0),
(1070, 90, 14, NULL, 0),
(1071, 90, 15, NULL, 0),
(1072, 90, 16, NULL, 0),
(1073, 90, 17, NULL, 0),
(1074, 90, 18, NULL, 0),
(1075, 90, 19, NULL, 0),
(1076, 90, 20, NULL, 0),
(1077, 90, 21, NULL, 0),
(1078, 90, 22, 10.00, 0),
(1079, 90, 23, NULL, 0),
(1080, 90, 24, NULL, 0),
(1081, 91, 97, 8.00, 0),
(1082, 91, 98, 7.00, 0),
(1083, 91, 99, 5.00, 0),
(1084, 91, 100, 5.00, 0),
(1085, 91, 101, 10.00, 0),
(1086, 91, 102, 5.00, 0),
(1087, 91, 103, 8.00, 0),
(1088, 91, 104, 5.00, 0),
(1089, 91, 105, 5.00, 0),
(1090, 91, 106, 6.00, 0),
(1091, 91, 107, 10.00, 0),
(1092, 91, 108, 4.00, 0),
(1093, 92, 109, 10.00, 0),
(1094, 92, 110, 4.00, 0),
(1095, 92, 111, 6.00, 0),
(1096, 92, 112, 6.00, 0),
(1097, 92, 113, 4.00, 0),
(1098, 92, 114, 7.00, 0),
(1099, 92, 115, 6.00, 0),
(1100, 92, 116, 6.00, 0),
(1101, 92, 117, 10.00, 0),
(1102, 92, 118, 5.00, 0),
(1103, 92, 119, 9.00, 0),
(1104, 92, 120, 5.00, 0),
(1105, 93, 85, 10.00, 0),
(1106, 93, 86, 8.00, 0),
(1107, 93, 87, 7.00, 0),
(1108, 93, 88, 5.00, 0),
(1109, 93, 89, 10.00, 0),
(1110, 93, 90, 7.00, 0),
(1111, 93, 91, 9.00, 0),
(1112, 93, 92, 6.00, 0),
(1113, 93, 93, 4.00, 0),
(1114, 93, 94, 10.00, 0),
(1115, 93, 95, 10.00, 0),
(1116, 93, 96, 4.00, 0),
(1117, 94, 49, 10.00, 0),
(1118, 94, 50, 10.00, 0),
(1119, 94, 51, 8.00, 0),
(1120, 94, 52, 7.00, 0),
(1121, 94, 53, 6.00, 0),
(1122, 94, 54, 5.00, 0),
(1123, 94, 55, 5.00, 0),
(1124, 94, 56, 9.00, 0),
(1125, 94, 57, 9.00, 0),
(1126, 94, 58, 6.00, 0),
(1127, 94, 59, 8.00, 0),
(1128, 94, 60, 6.00, 0),
(1129, 95, 1, NULL, 0),
(1130, 95, 2, 5.00, 0),
(1131, 95, 3, 9.00, 0),
(1132, 95, 4, NULL, 0),
(1133, 95, 5, 4.00, 0),
(1134, 95, 6, 8.00, 0),
(1135, 95, 7, 5.00, 0),
(1136, 95, 8, NULL, 0),
(1137, 95, 9, NULL, 0),
(1138, 95, 10, 8.00, 0),
(1139, 95, 11, NULL, 0),
(1140, 95, 12, 10.00, 0),
(1141, 96, 73, 10.00, 0),
(1142, 96, 74, 5.00, 0),
(1143, 96, 75, 7.00, 0),
(1144, 96, 76, 8.00, 0),
(1145, 96, 77, 7.00, 0),
(1146, 96, 78, 9.00, 0),
(1147, 96, 79, 7.00, 0),
(1148, 96, 80, 5.00, 0),
(1149, 96, 81, 7.00, 0),
(1150, 96, 82, 7.00, 0),
(1151, 96, 83, 9.00, 0),
(1152, 96, 84, 8.00, 0),
(1153, 97, 13, NULL, 0),
(1154, 97, 14, NULL, 0),
(1155, 97, 15, NULL, 0),
(1156, 97, 16, 10.00, 0),
(1157, 97, 17, 7.00, 0),
(1158, 97, 18, NULL, 0),
(1159, 97, 19, NULL, 0),
(1160, 97, 20, NULL, 0),
(1161, 97, 21, 7.00, 0),
(1162, 97, 22, NULL, 0),
(1163, 97, 23, NULL, 0),
(1164, 97, 24, 10.00, 0),
(1165, 98, 61, 7.00, 0),
(1166, 98, 62, 6.00, 0),
(1167, 98, 63, 6.00, 0),
(1168, 98, 64, 7.00, 0),
(1169, 98, 65, NULL, 0),
(1170, 98, 66, 9.00, 0),
(1171, 98, 67, 9.00, 0),
(1172, 98, 68, 7.00, 0),
(1173, 98, 69, 4.00, 0),
(1174, 98, 70, NULL, 0),
(1175, 98, 71, NULL, 0),
(1176, 98, 72, 7.00, 0),
(1177, 99, 1, NULL, 0),
(1178, 99, 2, NULL, 0),
(1179, 99, 3, 5.00, 0),
(1180, 99, 4, NULL, 0),
(1181, 99, 5, 10.00, 0),
(1182, 99, 6, 4.00, 0),
(1183, 99, 7, NULL, 0),
(1184, 99, 8, NULL, 0),
(1185, 99, 9, NULL, 0),
(1186, 99, 10, NULL, 0),
(1187, 99, 11, NULL, 0),
(1188, 99, 12, NULL, 0),
(1189, 100, 61, NULL, 0),
(1190, 100, 62, NULL, 0),
(1191, 100, 63, NULL, 0),
(1192, 100, 64, 8.00, 0),
(1193, 100, 65, NULL, 0),
(1194, 100, 66, NULL, 0),
(1195, 100, 67, NULL, 0),
(1196, 100, 68, NULL, 0),
(1197, 100, 69, NULL, 0),
(1198, 100, 70, NULL, 0),
(1199, 100, 71, NULL, 0),
(1200, 100, 72, NULL, 0);

-- --------------------------------------------------------

--
-- Struttura della tabella `module`
--

CREATE TABLE `module` (
  `ModuleID` int(11) NOT NULL,
  `CourseID` int(11) NOT NULL,
  `TeacherID` int(11) DEFAULT NULL,
  `SubjectID` int(11) NOT NULL,
  `ModuleHours` int(11) DEFAULT NULL,
  `isDeleted` tinyint(1) DEFAULT 0
) ENGINE=InnoDB DEFAULT CHARSET=utf8mb4 COLLATE=utf8mb4_general_ci;

--
-- Dump dei dati per la tabella `module`
--

INSERT INTO `module` (`ModuleID`, `CourseID`, `TeacherID`, `SubjectID`, `ModuleHours`, `isDeleted`) VALUES
(1, 1, 21, 53, 80, 0),
(2, 1, 14, 12, 60, 0),
(3, 1, 12, 43, 70, 0),
(4, 1, 12, 9, 50, 0),
(5, 1, 18, 5, 30, 0),
(6, 1, 7, 36, 100, 0),
(7, 1, 20, 6, 20, 0),
(8, 1, 9, 47, 90, 0),
(9, 1, 3, 54, 20, 0),
(10, 1, 10, 26, 40, 0),
(11, 1, 5, 15, 80, 0),
(12, 1, 12, 32, 40, 0),
(13, 2, 21, 40, 30, 0),
(14, 2, 8, 26, 40, 0),
(15, 2, 12, 6, 40, 0),
(16, 2, 14, 1, 30, 0),
(17, 2, 3, 19, 80, 0),
(18, 2, 18, 38, 100, 0),
(19, 2, 3, 13, 80, 0),
(20, 2, 15, 31, 100, 0),
(21, 2, 9, 30, 50, 0),
(22, 2, 14, 50, 90, 0),
(23, 2, 11, 34, 60, 0),
(24, 2, 4, 10, 80, 0),
(25, 3, 19, 54, 50, 0),
(26, 3, 6, 20, 50, 0),
(27, 3, 12, 17, 30, 0),
(28, 3, 18, 12, 60, 0),
(29, 3, 4, 52, 40, 0),
(30, 3, 8, 28, 70, 0),
(31, 3, 10, 39, 60, 0),
(32, 3, 2, 24, 50, 0),
(33, 3, 1, 1, 90, 0),
(34, 3, 19, 37, 40, 0),
(35, 3, 12, 56, 40, 0),
(36, 3, 6, 41, 20, 0),
(37, 4, 6, 47, 80, 0),
(38, 4, 13, 27, 20, 0),
(39, 4, 12, 54, 100, 0),
(40, 4, 18, 35, 30, 0),
(41, 4, 8, 29, 40, 0),
(42, 4, 13, 12, 30, 0),
(43, 4, 1, 48, 20, 0),
(44, 4, 11, 40, 100, 0),
(45, 4, 7, 3, 60, 0),
(46, 4, 4, 37, 30, 0),
(47, 4, 12, 24, 40, 0),
(48, 4, 8, 32, 30, 0),
(49, 5, 14, 11, 50, 0),
(50, 5, 9, 25, 100, 0),
(51, 5, 15, 49, 100, 0),
(52, 5, 20, 12, 60, 0),
(53, 5, 14, 40, 50, 0),
(54, 5, 12, 23, 100, 0),
(55, 5, 15, 46, 80, 0),
(56, 5, 13, 24, 90, 0),
(57, 5, 17, 9, 100, 0),
(58, 5, 5, 55, 90, 0),
(59, 5, 19, 31, 90, 0),
(60, 5, 11, 43, 50, 0),
(61, 6, 2, 8, 50, 0),
(62, 6, 6, 34, 50, 0),
(63, 6, 12, 2, 80, 0),
(64, 6, 5, 50, 40, 0),
(65, 6, 17, 45, 40, 0),
(66, 6, 15, 4, 90, 0),
(67, 6, 7, 14, 100, 0),
(68, 6, 15, 23, 70, 0),
(69, 6, 21, 12, 80, 0),
(70, 6, 9, 13, 20, 0),
(71, 6, 14, 30, 70, 0),
(72, 6, 9, 35, 80, 0),
(73, 7, 16, 26, 90, 0),
(74, 7, 6, 31, 30, 0),
(75, 7, 20, 34, 60, 0),
(76, 7, 13, 12, 100, 0),
(77, 7, 18, 28, 50, 0),
(78, 7, 12, 46, 60, 0),
(79, 7, 10, 37, 40, 0),
(80, 7, 12, 43, 30, 0),
(81, 7, 6, 15, 50, 0),
(82, 7, 21, 40, 40, 0),
(83, 7, 7, 30, 60, 0),
(84, 7, 5, 41, 30, 0),
(85, 8, 3, 30, 20, 0),
(86, 8, 13, 22, 60, 0),
(87, 8, 12, 2, 80, 0),
(88, 8, 16, 39, 30, 0),
(89, 8, 1, 44, 20, 0),
(90, 8, 15, 35, 20, 0),
(91, 8, 9, 56, 90, 0),
(92, 8, 5, 8, 30, 0),
(93, 8, 9, 28, 90, 0),
(94, 8, 19, 25, 60, 0),
(95, 8, 10, 14, 50, 0),
(96, 8, 21, 21, 40, 0),
(97, 9, 20, 26, 80, 0),
(98, 9, 9, 9, 80, 0),
(99, 9, 1, 48, 90, 0),
(100, 9, 17, 28, 90, 0),
(101, 9, 10, 49, 40, 0),
(102, 9, 1, 43, 70, 0),
(103, 9, 21, 20, 50, 0),
(104, 9, 12, 42, 80, 0),
(105, 9, 11, 12, 70, 0),
(106, 9, 15, 19, 100, 0),
(107, 9, 19, 52, 70, 0),
(108, 9, 20, 22, 70, 0),
(109, 10, 14, 51, 50, 0),
(110, 10, 20, 32, 40, 0),
(111, 10, 1, 52, 80, 0),
(112, 10, 7, 49, 50, 0),
(113, 10, 20, 28, 100, 0),
(114, 10, 10, 31, 30, 0),
(115, 10, 8, 17, 30, 0),
(116, 10, 21, 1, 60, 0),
(117, 10, 11, 36, 80, 0),
(118, 10, 16, 21, 50, 0),
(119, 10, 4, 3, 50, 0),
(120, 10, 10, 38, 60, 0);

-- --------------------------------------------------------

--
-- Struttura della tabella `province`
--

CREATE TABLE `province` (
  `ProvinceID` int(11) NOT NULL,
  `ProvinceName` varchar(25) NOT NULL,
  `isDeleted` tinyint(1) DEFAULT 0
) ENGINE=InnoDB DEFAULT CHARSET=utf8mb4 COLLATE=utf8mb4_general_ci;

--
-- Dump dei dati per la tabella `province`
--

INSERT INTO `province` (`ProvinceID`, `ProvinceName`, `isDeleted`) VALUES
(1, 'Agrigento', 0),
(2, 'Caltanissetta', 0),
(3, 'Catania', 0),
(4, 'Enna', 0),
(5, 'Messina', 0),
(6, 'Palermo', 0),
(7, 'Ragusa', 0),
(8, 'Siracusa', 0),
(9, 'Trapani', 0);

-- --------------------------------------------------------

--
-- Struttura della tabella `site`
--

CREATE TABLE `site` (
  `SiteID` int(11) NOT NULL,
  `CityID` int(11) NOT NULL,
  `SiteName` varchar(50) NOT NULL,
  `SiteAddress` varchar(60) NOT NULL,
  `isDeleted` tinyint(1) DEFAULT 0
) ENGINE=InnoDB DEFAULT CHARSET=utf8mb4 COLLATE=utf8mb4_general_ci;

--
-- Dump dei dati per la tabella `site`
--

INSERT INTO `site` (`SiteID`, `CityID`, `SiteName`, `SiteAddress`, `isDeleted`) VALUES
(1, 37, 'Sede di Augusta', 'Viale Golino, 66 Appartamento 4', 0),
(2, 10, 'Sede di Mazzarino', 'Borgo Sommaruga, 65 Appartamento 9', 0),
(3, 19, 'Sede di Nicosia', 'Borgo Pellegrini, 667 Appartamento 51', 0),
(4, 19, 'Sede di Nicosia 2', 'Incrocio Angelica, 23', 0),
(5, 8, 'Sede di Niscemi', 'Borgo Niccolò, 56 Piano 1', 0),
(6, 8, 'Sede di Niscemi 2', 'Canale Gaspare, 452', 0),
(7, 40, 'Sede di Avola', 'Via Nicolucci, 333', 0),
(8, 43, 'Sede di Mazara del Vallo', 'Strada Donna, 35', 0),
(9, 1, 'Sede di Agrigento', 'Strada Alessia, 5 Piano 1', 0),
(10, 24, 'Sede di Patti', 'Stretto Nadi, 32', 0);

-- --------------------------------------------------------

--
-- Struttura della tabella `student`
--

CREATE TABLE `student` (
  `StudentID` int(11) NOT NULL,
  `UserInfoID` int(11) NOT NULL,
  `CourseID` int(11) DEFAULT NULL,
  `isDeleted` tinyint(1) DEFAULT 0
) ENGINE=InnoDB DEFAULT CHARSET=utf8mb4 COLLATE=utf8mb4_general_ci;

--
-- Dump dei dati per la tabella `student`
--

INSERT INTO `student` (`StudentID`, `UserInfoID`, `CourseID`, `isDeleted`) VALUES
(1, 122, 6, 0),
(2, 105, 4, 0),
(3, 183, 1, 0),
(4, 82, 10, 0),
(5, 109, 3, 0),
(6, 188, 10, 0),
(7, 22, 10, 0),
(8, 11, 2, 0),
(9, 118, 6, 0),
(10, 20, 7, 0),
(11, 43, 7, 0),
(12, 148, 8, 0),
(13, 50, 9, 0),
(14, 158, 2, 0),
(15, 195, 6, 0),
(16, 75, 7, 0),
(17, 28, 7, 0),
(18, 171, 5, 0),
(19, 139, 5, 0),
(20, 34, 6, 0),
(21, 140, 5, 0),
(22, 147, 4, 0),
(23, 87, 4, 0),
(24, 21, 8, 0),
(25, 67, 6, 0),
(26, 136, 8, 0),
(27, 124, 3, 0),
(28, 7, 7, 0),
(29, 93, 6, 0),
(30, 45, 10, 0),
(31, 153, 7, 0),
(32, 129, 3, 0),
(33, 116, 7, 0),
(34, 146, 4, 0),
(35, 55, 4, 0),
(36, 156, 6, 0),
(37, 104, 5, 0),
(38, 26, 2, 0),
(39, 37, 8, 0),
(40, 180, 5, 0),
(41, 80, 10, 0),
(42, 112, 5, 0),
(43, 166, 6, 0),
(44, 52, 2, 0),
(45, 178, 6, 0),
(46, 62, 9, 0),
(47, 70, 9, 0),
(48, 163, 9, 0),
(49, 72, 5, 0),
(50, 73, 5, 0),
(51, 169, 4, 0),
(52, 99, 5, 0),
(53, 200, 9, 0),
(54, 40, 6, 0),
(55, 58, 8, 0),
(56, 25, 4, 0),
(57, 190, 7, 0),
(58, 184, 8, 0),
(59, 47, 5, 0),
(60, 191, 9, 0),
(61, 30, 1, 0),
(62, 61, 8, 0),
(63, 68, 8, 0),
(64, 36, 4, 0),
(65, 14, 8, 0),
(66, 83, 9, 0),
(67, 88, 2, 0),
(68, 98, 6, 0),
(69, 170, 5, 0),
(70, 96, 1, 0),
(71, 71, 9, 0),
(72, 106, 3, 0),
(73, 64, 9, 0),
(74, 131, 5, 0),
(75, 19, 3, 0),
(76, 46, 6, 0),
(77, 175, 6, 0),
(78, 12, 8, 0),
(79, 33, 10, 0),
(80, 57, 2, 0),
(81, 13, 6, 0),
(82, 9, 1, 0),
(83, 162, 5, 0),
(84, 138, 7, 0),
(85, 53, 2, 0),
(86, 145, 7, 0),
(87, 132, 1, 0),
(88, 120, 3, 0),
(89, 176, 9, 0),
(90, 60, 2, 0),
(91, 144, 9, 0),
(92, 111, 10, 0),
(93, 32, 8, 0),
(94, 102, 5, 0),
(95, 92, 1, 0),
(96, 51, 7, 0),
(97, 150, 2, 0),
(98, 167, 6, 0),
(99, 76, 1, 0),
(100, 54, 6, 0);

-- --------------------------------------------------------

--
-- Struttura della tabella `subject`
--

CREATE TABLE `subject` (
  `SubjectID` int(11) NOT NULL,
  `SubjectName` varchar(60) NOT NULL,
  `isDeleted` tinyint(1) DEFAULT 0
) ENGINE=InnoDB DEFAULT CHARSET=utf8mb4 COLLATE=utf8mb4_general_ci;

--
-- Dump dei dati per la tabella `subject`
--

INSERT INTO `subject` (`SubjectID`, `SubjectName`, `isDeleted`) VALUES
(1, 'Fondamenti di informatica e programmazione', 0),
(2, 'Algoritmi e strutture dati', 0),
(3, 'HTML5, CSS3, JavaScript', 0),
(4, 'Framework front-end (React, Angular)', 0),
(5, 'Sviluppo back-end (Node.js, API REST, Database)', 0),
(6, 'Data Management e SQL', 0),
(7, 'Data analysis per sviluppatori', 0),
(8, 'Cloud computing', 0),
(9, 'Intelligenza artificiale applicata al web', 0),
(10, 'Machine Learning e Big Data', 0),
(11, 'DevOps e CI/CD', 0),
(12, 'Sicurezza applicativa e protezione dati', 0),
(13, 'UX/UI Design', 0),
(14, 'Automazione industriale e sistemi meccatronici', 0),
(15, 'Controllori PLC e robotica industriale', 0),
(16, 'Sensori e attuatori', 0),
(17, 'Internet of Things (IoT) per la produzione', 0),
(18, 'Sistemi cyber-fisici e smart factory', 0),
(19, 'Manutenzione predittiva', 0),
(20, 'Analisi dei dati di produzione', 0),
(21, 'Qualità e sicurezza sul lavoro', 0),
(22, 'Normative e certificazioni industriali', 0),
(23, 'Progettazione e integrazione macchine', 0),
(24, 'Architetture di rete e sistemi operativi', 0),
(25, 'Crittografia e protocolli sicuri', 0),
(26, 'Sicurezza delle infrastrutture IT', 0),
(27, 'Penetration testing e ethical hacking', 0),
(28, 'Sicurezza applicativa e vulnerabilità web', 0),
(29, 'Incident response e digital forensics', 0),
(30, 'Sicurezza by design nei servizi digitali', 0),
(31, 'Normative GDPR e privacy', 0),
(32, 'Cloud e sicurezza dei dati', 0),
(33, 'Design grafico e comunicazione visiva', 0),
(34, 'User Experience (UX) e User Interface (UI)', 0),
(35, 'Motion graphics e animazione 2D/3D', 0),
(36, 'Realtà virtuale (VR) e aumentata (AR)', 0),
(37, 'Produzione multimediale e video editing', 0),
(38, 'Prototipazione digitale', 0),
(39, 'Web design responsivo', 0),
(40, 'Storytelling e comunicazione visiva', 0),
(41, 'Strumenti di design (Adobe, Blender, ecc.)', 0),
(42, 'Statistica e probabilità per data science', 0),
(43, 'Big Data e data warehouse', 0),
(44, 'Machine Learning e Deep Learning', 0),
(45, 'Data visualization e dashboarding', 0),
(46, 'Analisi predittiva e modelli statistici', 0),
(47, 'Etica dei dati e data governance', 0),
(48, 'Business Intelligence e cloud analytics', 0),
(49, 'Python per analisi dati', 0),
(50, 'Fondamenti di meccanica e idraulica', 0),
(51, 'Componenti e funzionamento TBM', 0),
(52, 'Sistemi meccatronici per infrastrutture', 0),
(53, 'Controlli automatici e sensoristica', 0),
(54, 'Manutenzione e diagnostica predittiva', 0),
(55, 'Sicurezza cantieri e normativa tecnica', 0),
(56, 'Disegno tecnico e CAD', 0);

-- --------------------------------------------------------

--
-- Struttura della tabella `teacher`
--

CREATE TABLE `teacher` (
  `TeacherID` int(11) NOT NULL,
  `UserInfoID` int(11) NOT NULL,
  `HireDate` date DEFAULT NULL,
  `isDeleted` tinyint(1) DEFAULT 0
) ENGINE=InnoDB DEFAULT CHARSET=utf8mb4 COLLATE=utf8mb4_general_ci;

--
-- Dump dei dati per la tabella `teacher`
--

INSERT INTO `teacher` (`TeacherID`, `UserInfoID`, `HireDate`, `isDeleted`) VALUES
(1, 29, '2022-01-27', 0),
(2, 185, '2022-07-10', 0),
(3, 103, '2023-01-17', 0),
(4, 151, '2022-07-18', 0),
(5, 123, '2024-12-10', 0),
(6, 95, '2021-01-14', 0),
(7, 119, '2025-08-03', 0),
(8, 15, '2022-08-09', 0),
(9, 177, '2020-10-30', 0),
(10, 113, '2022-02-25', 0),
(11, 66, '2025-02-17', 0),
(12, 78, '2022-11-29', 0),
(13, 174, '2025-05-26', 0),
(14, 85, '2023-09-21', 0),
(15, 59, '2025-05-18', 0),
(16, 135, '2020-11-04', 0),
(17, 142, '2021-11-10', 0),
(18, 49, '2025-02-26', 0),
(19, 161, '2021-07-07', 0),
(20, 91, '2022-11-16', 0),
(21, 201, '2023-01-07', 0);

-- --------------------------------------------------------

--
-- Struttura della tabella `tutor`
--

CREATE TABLE `tutor` (
  `TutorID` int(11) NOT NULL,
  `UserInfoID` int(11) NOT NULL,
  `HireDate` date DEFAULT NULL,
  `isDeleted` tinyint(1) DEFAULT 0
) ENGINE=InnoDB DEFAULT CHARSET=utf8mb4 COLLATE=utf8mb4_general_ci;

--
-- Dump dei dati per la tabella `tutor`
--

INSERT INTO `tutor` (`TutorID`, `UserInfoID`, `HireDate`, `isDeleted`) VALUES
(1, 142, '2023-10-01', 0),
(2, 173, '2022-07-25', 0),
(3, 164, '2025-08-25', 0),
(4, 196, '2022-11-02', 0),
(5, 38, '2024-12-09', 0);

-- --------------------------------------------------------

--
-- Struttura della tabella `userinfo`
--

CREATE TABLE `userinfo` (
  `UserInfoID` int(11) NOT NULL,
  `FirstName` varchar(20) NOT NULL,
  `LastName` varchar(20) NOT NULL,
  `Email` varchar(50) NOT NULL,
  `PhoneNumber` varchar(15) DEFAULT NULL,
  `BirthDate` date DEFAULT NULL,
  `UserAddress` varchar(60) DEFAULT NULL,
  `CityID` int(11) NOT NULL,
  `isDeleted` tinyint(1) DEFAULT 0
) ENGINE=InnoDB DEFAULT CHARSET=utf8mb4 COLLATE=utf8mb4_general_ci;

--
-- Dump dei dati per la tabella `userinfo`
--

INSERT INTO `userinfo` (`UserInfoID`, `FirstName`, `LastName`, `Email`, `PhoneNumber`, `BirthDate`, `UserAddress`, `CityID`, `isDeleted`) VALUES
(1, 'Rosalia', 'Pirelli', 'ferdinando89@example.com', '+39 35119096361', '1967-05-18', 'Contrada Carducci, 141 Piano 8', 11, 0),
(2, 'Nico', 'Ciampi', 'murialdosonia@example.net', '+39 05725532665', '1961-04-05', 'Viale Barbara, 53 Piano 3', 37, 0),
(3, 'Fabia', 'Lippomano', 'donatobixio@example.org', '+39 3714195732', '1997-03-20', 'Via Simonetta, 31 Piano 9', 1, 0),
(4, 'Monica', 'Crespi', 'donatoninino@example.net', '+39 0321452850', '1988-11-07', 'Canale Morlacchi, 0', 2, 0),
(5, 'Arsenio', 'Manunta', 'colucciodonatoni@example.net', '3776442829', '2002-10-29', 'Rotonda Sibilia, 267 Piano 2', 19, 0),
(6, 'Temistocle', 'Broschi', 'gloria59@example.org', '+39 057279773', '1966-10-07', 'Stretto Rizzo, 5', 18, 0),
(7, 'Pierpaolo', 'Traversa', 'bbarillaro@example.net', '351651218', '1981-01-16', 'Stretto Fibonacci, 818 Piano 0', 6, 0),
(8, 'Simone', 'Stucchi', 'gelsomina65@example.org', '0922774605', '1990-10-20', 'Contrada Lolita, 21 Appartamento 35', 36, 0),
(9, 'Vincentio', 'Fieramosca', 'vpoerio@example.com', '07652219129', '1978-12-14', 'Canale Fulvio, 68 Appartamento 74', 16, 0),
(10, 'Arturo', 'Gibilisco', 'vittoriasoprano@example.com', '01259565357', '1961-08-12', 'Contrada Sergius, 216', 20, 0),
(11, 'Giuseppina', 'Garzoni', 'ermannopetrassi@example.net', '+39 0572277748', '1993-11-16', 'Strada Bartolomeo, 97', 5, 0),
(12, 'Berenice', 'Moneta', 'marcellaemo@example.com', '+39 3711782964', '1986-07-29', 'Via Gottardi, 58 Piano 3', 45, 0),
(13, 'Milo', 'Volterra', 'sandigaspare@example.net', '+39 32493899780', '1979-05-05', 'Via Tiepolo, 2 Piano 5', 33, 0),
(14, 'Serena', 'Cantimori', 'romanobruno@example.com', '+39 0962624154', '1974-10-16', 'Contrada Tremonti, 97', 3, 0),
(15, 'Sante', 'Castioni', 'libertotosi@example.net', '0574291691', '1991-03-27', 'Vicolo Tacchini, 72', 37, 0),
(16, 'Michela', 'Varano', 'scarpabeatrice@example.com', '+39 09624902216', '2004-11-20', 'Canale Bonanno, 3 Piano 1', 36, 0),
(17, 'Pierangelo', 'Liverotti', 'giuseppina33@example.net', '0549351727', '1993-02-26', 'Strada Cammarata, 45', 21, 0),
(18, 'Luigina', 'Zola', 'pulciarmando@example.com', '3701439588', '1974-12-08', 'Contrada Turci, 249 Piano 3', 12, 0),
(19, 'Toni', 'Soderini', 'baldassare77@example.com', '088265389', '1972-10-31', 'Strada Saffi, 4 Piano 0', 40, 0),
(20, 'Adriana', 'Barozzi', 'edoardobruno@example.com', '+39 0100517065', '1978-05-09', 'Incrocio Silvio, 98', 13, 0),
(21, 'Agnolo', 'Caracciolo', 'rossanadisdero@example.org', '04388215576', '1983-11-06', 'Stretto Gianmarco, 21 Appartamento 48', 38, 0),
(22, 'Giada', 'Zecchini', 'leone82@example.net', '0782777877', '1967-10-04', 'Contrada Lazzaro, 96', 8, 0),
(23, 'Giosuè', 'Smirnoff', 'gemitopiero@example.net', '04227261238', '1973-10-08', 'Canale Natalia, 499 Piano 1', 12, 0),
(24, 'Giustino', 'Buonauro', 'niccologuarneri@example.org', '+39 0365864708', '1963-11-18', 'Vicolo Gramsci, 0', 2, 0),
(25, 'Ramona', 'Platini', 'viridiana58@example.net', '+39 0765921693', '1964-12-12', 'Borgo Finetti, 945 Piano 8', 32, 0),
(26, 'Fortunata', 'Anichini', 'larastucchi@example.net', '0776295155', '1961-04-24', 'Incrocio Ricciardi, 8 Appartamento 95', 36, 0),
(27, 'Michelotto', 'Caboto', 'oburcardo@example.net', '377696635', '1965-06-12', 'Viale Staglieno, 58', 11, 0),
(28, 'Elmo', 'Chiappetta', 'hserlupi@example.com', '+39 329294159', '1982-08-13', 'Rotonda Rolando, 934', 10, 0),
(29, 'Alessio', 'Borroni', 'tassoniannalisa@example.net', '0141930145', '1972-08-15', 'Piazza Turchi, 84 Appartamento 0', 23, 0),
(30, 'Fulvio', 'Crespi', 'villadicanigreca@example.com', '+39 0735054653', '1989-08-03', 'Rotonda Cesare, 3', 38, 0),
(31, 'Giacinto', 'Pareto', 'zolaemilio@example.net', '+39 3394432988', '1974-08-04', 'Strada Annibale, 80 Appartamento 23', 9, 0),
(32, 'Arnulfo', 'Simeoni', 'napoleone47@example.com', '+39 3637630815', '1993-04-29', 'Rotonda Collina, 85', 33, 0),
(33, 'Letizia', 'Tomei', 'zblasi@example.net', '+39 07016767481', '1964-09-09', 'Viale Pozzecco, 74', 44, 0),
(34, 'Federica', 'Viviani', 'pcagnin@example.net', '+39 3907089115', '1992-07-03', 'Stretto Staglieno, 596 Piano 1', 6, 0),
(35, 'Romolo', 'Fieramosca', 'soniachinnici@example.com', '+39 086171822', '2006-05-01', 'Strada Carnera, 33', 11, 0),
(36, 'Domenico', 'Fioravanti', 'dibiasiippazio@example.com', '37152254020', '1985-05-26', 'Strada Silvia, 9 Appartamento 5', 3, 0),
(37, 'Sole', 'Caccioppoli', 'emilio87@example.net', '+39 3891627988', '1999-06-29', 'Canale Rismondo, 5 Appartamento 60', 12, 0),
(38, 'Sergius', 'Vanvitelli', 'pietropagnotto@example.net', '0364697555', '2000-09-28', 'Borgo Guglielmi, 55', 45, 0),
(39, 'Maria', 'Giunti', 'comboniottone@example.org', '+39 0566273389', '1963-03-30', 'Vicolo Peruzzi, 24 Appartamento 16', 38, 0),
(40, 'Silvestro', 'Casadei', 'bcaccioppoli@example.net', '+39 350986448', '1992-06-24', 'Strada Imelda, 191 Piano 0', 39, 0),
(41, 'Ansaldo', 'Mancini', 'alfredoodescalchi@example.org', '+39 0345962430', '2004-11-15', 'Incrocio Ernesto, 44', 2, 0),
(42, 'Francesca', 'Ferrabosco', 'iolandaniscoromni@example.com', '03912787371', '1999-01-23', 'Canale Giampaolo, 887', 42, 0),
(43, 'Loredana', 'Sinisi', 'ughimario@example.com', '016513018', '1993-02-20', 'Piazza Ricciardi, 2 Piano 1', 39, 0),
(44, 'Fredo', 'Badoer', 'ranierinolcini@example.net', '378367451', '2006-05-22', 'Strada Adamo, 88 Piano 5', 44, 0),
(45, 'Eva', 'Faranda', 'eleanora82@example.org', '03440298020', '1997-01-24', 'Via Beatrice, 20 Piano 3', 1, 0),
(46, 'Caterina', 'Greco', 'cecicamilla@example.com', '0123283767', '2005-04-29', 'Piazza Dellucci, 17 Piano 6', 31, 0),
(47, 'Alina', 'Dovara', 'ruggiero87@example.org', '+39 089990416', '2001-08-03', 'Incrocio Sagredo, 16', 23, 0),
(48, 'Federica', 'Tedesco', 'ocabibbo@example.org', '35173018362', '2001-04-28', 'Via Roman, 461 Appartamento 3', 18, 0),
(49, 'Pina', 'Pontecorvo', 'ramonababato@example.net', '057412258', '1997-03-17', 'Viale Zamorani, 2', 41, 0),
(50, 'Liberto', 'Panatta', 'srespighi@example.com', '+39 0961283917', '1989-01-04', 'Strada Belletini, 93 Appartamento 5', 1, 0),
(51, 'Giuliana', 'Fantini', 'renata31@example.net', '0931462067', '1963-11-19', 'Via Alberto, 461', 4, 0),
(52, 'Lidia', 'Faranda', 'metellapiersanti@example.org', '+39 3835954924', '1969-03-20', 'Contrada Sabatini, 75 Piano 7', 34, 0),
(53, 'Fabio', 'Fuseli', 'cristoforettigilberto@example.net', '370115817', '1999-07-17', 'Contrada Mimun, 0 Appartamento 8', 15, 0),
(54, 'Margherita', 'Ginese', 'venturimaura@example.net', '+39 3500564546', '1998-07-13', 'Stretto Gastone, 87 Appartamento 8', 25, 0),
(55, 'Nanni', 'Camuccini', 'zprada@example.org', '076567518', '1989-04-18', 'Canale Crisafulli, 95', 29, 0),
(56, 'Aldo', 'Interminei', 'dinagargallo@example.net', '+39 373227200', '1963-05-07', 'Piazza Elena, 619 Piano 8', 2, 0),
(57, 'Mauro', 'Bellucci', 'bajardisophia@example.org', '0183091677', '2000-01-05', 'Strada Bertolucci, 5 Piano 4', 22, 0),
(58, 'Laureano', 'Romano', 'niccolo52@example.com', '0324258401', '1991-04-27', 'Rotonda Salvo, 11 Piano 7', 25, 0),
(59, 'Manuel', 'Malaparte', 'dallaenzo@example.org', '+39 073453451', '1968-02-03', 'Borgo Iannuzzi, 19 Appartamento 24', 34, 0),
(60, 'Raffaello', 'Spadafora', 'gianfranco89@example.com', '+39 351978052', '1980-09-02', 'Incrocio Cainero, 83 Piano 4', 30, 0),
(61, 'Roman', 'Murri', 'ccurci@example.com', '0824389168', '1999-06-05', 'Borgo Goffredo, 760', 29, 0),
(62, 'Toni', 'Gregori', 'ktomaselli@example.com', '+39 0823500269', '2005-11-29', 'Via Elvira, 6', 34, 0),
(63, 'Dolores', 'Armellini', 'carla49@example.org', '3372648454', '1962-05-23', 'Via Omma, 32 Appartamento 86', 5, 0),
(64, 'Gianmarco', 'Roero', 'hbruscantini@example.com', '3243609042', '1999-06-30', 'Contrada Laura, 630 Piano 9', 28, 0),
(65, 'Ronaldo', 'Varano', 'gabriella96@example.net', '37157914565', '1995-03-16', 'Via Palmisano, 14', 14, 0),
(66, 'Franco', 'Falloppio', 'luca15@example.com', '03433170523', '1964-08-16', 'Via Tanzini, 547', 34, 0),
(67, 'Santino', 'Nievo', 'nboldu@example.net', '+39 3920870292', '2002-01-25', 'Canale Papafava, 860 Piano 6', 43, 0),
(68, 'Rosina', 'Prada', 'mattia39@example.org', '+39 35559562698', '1984-11-13', 'Via Montanelli, 0 Piano 5', 38, 0),
(69, 'Danilo', 'Sandi', 'zpoerio@example.org', '01714016221', '1991-05-04', 'Strada Stella, 6 Appartamento 9', 43, 0),
(70, 'Olga', 'Scamarcio', 'romannordio@example.net', '+39 0461063027', '1995-10-15', 'Contrada Smirnoff, 415 Piano 9', 43, 0),
(71, 'Lando', 'Regge', 'annalisa28@example.org', '+39 03719582188', '1988-04-14', 'Rotonda Fracci, 814', 28, 0),
(72, 'Dante', 'Bianchini', 'ritaponti@example.org', '+39 36689068816', '1997-06-08', 'Viale Miniati, 6 Piano 5', 21, 0),
(73, 'Lucia', 'Ferrata', 'donatellogrimani@example.net', '+39 056547764', '1992-12-20', 'Incrocio Annetta, 26', 40, 0),
(74, 'Pompeo', 'Galiazzo', 'cmorandini@example.net', '+39 057403025', '1971-08-18', 'Vicolo Fiorenzo, 82', 11, 0),
(75, 'Gelsomina', 'Morandini', 'hvespa@example.net', '+39 3779706338', '1961-05-03', 'Vicolo Nievo, 82 Appartamento 4', 5, 0),
(76, 'Nico', 'Giannone', 'lamborghinirosina@example.com', '3500622727', '1962-09-28', 'Vicolo Luigina, 76 Appartamento 71', 22, 0),
(77, 'Dionigi', 'Ricciardi', 'pierluigi06@example.com', '+39 3716017570', '2002-02-24', 'Stretto Licia, 166', 39, 0),
(78, 'Santino', 'Durante', 'adelasiagaliazzo@example.org', '0965751730', '1992-08-08', 'Contrada Orengo, 29', 21, 0),
(79, 'Maria', 'Poerio', 'leonefanucci@example.net', '32348293453', '1961-08-25', 'Borgo Graziano, 9 Piano 8', 4, 0),
(80, 'Patrizio', 'Caracciolo', 'sollimafiorenzo@example.net', '37166329028', '1980-06-19', 'Canale Elena, 95 Appartamento 3', 16, 0),
(81, 'Raffaella', 'Togliatti', 'francesca48@example.net', '3770980872', '1984-12-26', 'Stretto Milanesi, 28 Appartamento 6', 31, 0),
(82, 'Tiziano', 'Pininfarina', 'francovirgilio@example.net', '371523000', '1970-03-30', 'Viale Pace, 47 Appartamento 4', 44, 0),
(83, 'Tina', 'Sommaruga', 'papafavasimone@example.org', '+39 0942242731', '1985-11-05', 'Rotonda Desio, 764 Piano 7', 39, 0),
(84, 'Filippo', 'Petrocelli', 'marinigianpietro@example.com', '+39 3880248825', '1989-08-15', 'Contrada Alboni, 549', 19, 0),
(85, 'Ferdinando', 'Zetticci', 'ermenegildotosto@example.net', '0902454284', '1976-04-23', 'Canale Luria, 276', 4, 0),
(86, 'Maura', 'Baracca', 'agostinigianfrancesco@example.com', '0185132883', '1997-02-27', 'Contrada Gabriella, 6 Piano 7', 37, 0),
(87, 'Susanna', 'Satta', 'saracenogiuseppe@example.net', '0776461054', '1973-01-15', 'Borgo Patrizio, 87 Piano 5', 41, 0),
(88, 'Severino', 'Camilleri', 'geronimoantonello@example.net', '+39 351328437', '1991-01-12', 'Vicolo Piermaria, 7 Appartamento 6', 4, 0),
(89, 'Zaira', 'Pastine', 'manuel11@example.org', '+39 094204366', '1970-12-03', 'Viale Carosone, 883 Appartamento 9', 2, 0),
(90, 'Raffaello', 'Giusti', 'fiammavasari@example.net', '0165620824', '1991-04-19', 'Contrada Michelangelo, 113 Appartamento 9', 6, 0),
(91, 'Lilla', 'Perozzo', 'severino00@example.org', '+39 043852688', '1963-04-27', 'Stretto Natalia, 81 Piano 2', 29, 0),
(92, 'Imelda', 'Sabatini', 'virginiaberre@example.org', '0854513266', '1994-10-13', 'Incrocio Pomponio, 953 Appartamento 2', 10, 0),
(93, 'Manuel', 'Bevilacqua', 'sgalambroleonardo@example.org', '03828484119', '1973-02-20', 'Canale Canova, 35', 1, 0),
(94, 'Edoardo', 'Cendron', 'hventuri@example.net', '+39 0704613168', '1993-05-16', 'Incrocio Rossana, 863', 8, 0),
(95, 'Giovanna', 'Tedesco', 'xolivetti@example.com', '+39 35515129934', '2006-02-08', 'Stretto Susanna, 433 Piano 0', 20, 0),
(96, 'Rolando', 'Torlonia', 'robertaporcellato@example.net', '072118305', '1994-03-02', 'Vicolo Silvestro, 39', 30, 0),
(97, 'Gioacchino', 'Cadorna', 'silvestro06@example.com', '0541369097', '1994-02-19', 'Viale Giolitti, 290 Piano 0', 8, 0),
(98, 'Gianmarco', 'Pasolini', 'lcalbo@example.org', '+39 3779385940', '1992-08-22', 'Canale Barracco, 35', 1, 0),
(99, 'Calogero', 'Battisti', 'hfantini@example.com', '+39 037338522', '1997-05-13', 'Contrada Luna, 894', 1, 0),
(100, 'Paoletta', 'Paruta', 'giannaproietti@example.org', '0638963852', '1963-10-17', 'Via Sgalambro, 954 Piano 5', 12, 0),
(101, 'Melania', 'Antonucci', 'susannabrenna@example.com', '+39 33494125258', '1998-03-11', 'Contrada Arnaldo, 6 Piano 0', 25, 0),
(102, 'Filippo', 'Fabbri', 'adelasia78@example.org', '35165010262', '2002-12-21', 'Vicolo Ciro, 55 Piano 4', 1, 0),
(103, 'Donatella', 'Travia', 'nibalistefano@example.org', '+39 034484520', '1982-02-16', 'Rotonda Donatella, 316', 13, 0),
(104, 'Enzio', 'Barozzi', 'gangemibaccio@example.net', '0586994195', '1978-01-28', 'Stretto Cassandra, 5 Piano 5', 40, 0),
(105, 'Guido', 'Tiepolo', 'gabriella10@example.net', '0922559628', '1989-02-22', 'Via Maffei, 87 Piano 5', 5, 0),
(106, 'Cassandra', 'Oliboni', 'visintinipina@example.org', '+39 0426486291', '1977-07-12', 'Via Toldo, 732 Appartamento 6', 24, 0),
(107, 'Chiara', 'Callegari', 'zaira44@example.com', '+39 3716691443', '1970-03-12', 'Viale Napoleone, 10', 33, 0),
(108, 'Arsenio', 'Broggini', 'germanafermi@example.com', '345394770', '1992-05-05', 'Stretto Jilani, 2', 3, 0),
(109, 'Lara', 'Condoleo', 'federica11@example.org', '+39 0881490065', '1981-05-16', 'Piazza Interminelli, 95', 20, 0),
(110, 'Adriana', 'Boitani', 'dina06@example.org', '+39 018534050', '1964-05-17', 'Rotonda Andreotti, 96', 12, 0),
(111, 'Valeria', 'Zola', 'upavanello@example.net', '+39 351033382', '1994-06-13', 'Borgo Stefania, 184', 25, 0),
(112, 'Michelotto', 'Chittolini', 'armellinieraldo@example.net', '+39 0549530333', '1973-12-27', 'Stretto Solari, 130', 17, 0),
(113, 'Giacinto', 'Greggio', 'fabia26@example.net', '3715617469', '1984-04-01', 'Via Parisi, 21', 36, 0),
(114, 'Costanzo', 'Salandra', 'arnaldodetti@example.com', '032185755', '2005-07-13', 'Vicolo Monduzzi, 271', 28, 0),
(115, 'Liliana', 'Pietrangeli', 'alessandramazzocchi@example.com', '0424051183', '1964-06-09', 'Canale Zabarella, 683', 2, 0),
(116, 'Vincentio', 'Maggioli', 'ruggieriantonia@example.org', '3534085705', '1986-10-14', 'Canale Piersanti, 688', 1, 0),
(117, 'Erika', 'Anastasi', 'stella33@example.net', '+39 0445563698', '1964-09-09', 'Incrocio Sismondi, 0', 12, 0),
(118, 'Serena', 'Crespi', 'petrassileonardo@example.com', '3446332619', '2002-09-03', 'Canale Parisi, 3', 6, 0),
(119, 'Maurilio', 'Luria', 'beppedovara@example.com', '37113993514', '1960-08-04', 'Rotonda Loredana, 28 Appartamento 41', 5, 0),
(120, 'Ottavio', 'Errani', 'zrusticucci@example.com', '08233037235', '1981-09-09', 'Borgo Pierpaolo, 4 Appartamento 1', 29, 0),
(121, 'Fiamma', 'Einaudi', 'bruno51@example.org', '046159435', '2006-03-22', 'Viale Bernardo, 86 Appartamento 6', 37, 0),
(122, 'Gastone', 'Almagià', 'lparmitano@example.com', '+39 3510782150', '1960-01-31', 'Canale Seddio, 276', 38, 0),
(123, 'Gemma', 'Caetani', 'martinoroncalli@example.org', '017168288', '2005-12-08', 'Canale Ughi, 287 Piano 5', 14, 0),
(124, 'Maura', 'Olivetti', 'ruggieropirandello@example.net', '+39 0574661664', '1992-03-11', 'Incrocio Scarpetta, 51', 41, 0),
(125, 'Adele', 'Abba', 'arseniobossi@example.com', '37338761407', '1991-09-13', 'Piazza Crispi, 2 Appartamento 8', 43, 0),
(126, 'Marcello', 'Bellucci', 'fmalaparte@example.com', '+39 0925978141', '1969-12-26', 'Viale Einaudi, 19 Piano 6', 44, 0),
(127, 'Santino', 'Gangemi', 'lmarcacci@example.org', '33847069215', '1971-11-10', 'Strada Bersani, 72 Appartamento 67', 18, 0),
(128, 'Sylvia', 'Trentini', 'serlupisantino@example.net', '0498337928', '1996-04-30', 'Viale Lanfranchi, 712', 15, 0),
(129, 'Massimo', 'Rubbia', 'impastatosilvestro@example.org', '+39 3931414602', '1997-11-04', 'Stretto Lisa, 383 Appartamento 41', 24, 0),
(130, 'Lara', 'Valentino', 'bpertini@example.com', '+39 3688132174', '1976-09-01', 'Contrada Pietro, 436', 31, 0),
(131, 'Paloma', 'Barbarigo', 'antonellomocenigo@example.net', '+39 3792427963', '2007-09-05', 'Incrocio Badoglio, 48 Appartamento 6', 16, 0),
(132, 'Baldassare', 'Giannuzzi', 'ventogiosue@example.net', '3534991020', '1995-04-29', 'Piazza Sylvia, 484', 29, 0),
(133, 'Gianmarco', 'Borzomì', 'udinesegriselda@example.net', '36620291504', '1989-11-15', 'Strada Tonia, 25', 23, 0),
(134, 'Antonia', 'Castellitto', 'romeo24@example.org', '055027487', '1977-12-29', 'Vicolo Ciro, 7', 18, 0),
(135, 'Rosina', 'Vercelloni', 'zagurigiancarlo@example.net', '+39 056634991', '1975-02-15', 'Viale Fornaciari, 8', 3, 0),
(136, 'Girolamo', 'Comencini', 'saragatgustavo@example.net', '+39 0773059429', '1989-09-16', 'Piazza Cicilia, 43', 20, 0),
(137, 'Licia', 'Antonucci', 'marta14@example.com', '+39 01711011405', '1976-06-15', 'Vicolo Doglioni, 477 Piano 1', 8, 0),
(138, 'Annetta', 'Verdone', 'fedeletasca@example.net', '+39 01314781310', '1971-05-21', 'Piazza Aulenti, 53', 42, 0),
(139, 'Alessandro', 'Baroffio', 'alessiaalonzi@example.org', '+39 0375503730', '1981-06-04', 'Borgo Camilla, 51 Appartamento 7', 43, 0),
(140, 'Gianluigi', 'Oliboni', 'eleanora75@example.com', '03450587787', '1962-12-21', 'Piazza Mascheroni, 0 Appartamento 81', 33, 0),
(141, 'Luigi', 'Accardo', 'fernanda88@example.net', '+39 0784910569', '1983-06-12', 'Incrocio Jacopo, 89 Piano 2', 18, 0),
(142, 'Allegra', 'Curatoli', 'amalialuciani@example.org', '+39 0904786652', '1968-12-08', 'Via Zarlino, 1', 17, 0),
(143, 'Gian', 'Brambilla', 'poeriosandra@example.net', '379131642', '1961-11-07', 'Incrocio Gioachino, 53 Appartamento 8', 15, 0),
(144, 'Luisa', 'Mercadante', 'pisaniramona@example.org', '+39 0481582877', '1984-07-25', 'Rotonda Tiziano, 1', 32, 0),
(145, 'Adelmo', 'Rapisardi', 'panzeralucrezia@example.net', '+39 092134172', '1993-05-21', 'Viale Angelica, 61 Appartamento 2', 15, 0),
(146, 'Fulvio', 'Canova', 'mirco03@example.org', '0789614064', '1987-07-02', 'Incrocio Campise, 89 Appartamento 5', 22, 0),
(147, 'Carlo', 'Bignami', 'agazziantonina@example.net', '+39 0789367113', '1978-08-05', 'Rotonda Ginese, 47', 17, 0),
(148, 'Giampaolo', 'Malpighi', 'serafinarocca@example.net', '+39 0711223000', '1981-07-17', 'Borgo Simeoni, 54 Appartamento 0', 25, 0),
(149, 'Ludovico', 'Mocenigo', 'nboitani@example.com', '3430749036', '1995-12-16', 'Piazza Giulio, 84', 30, 0),
(150, 'Maria', 'Piacentini', 'tinanicolucci@example.net', '0102922380', '1994-10-09', 'Incrocio Laureano, 312', 21, 0),
(151, 'Etta', 'Leoncavallo', 'alessandrabandello@example.net', '+39 0183261093', '1993-04-01', 'Strada Romolo, 60', 42, 0),
(152, 'Valerio', 'Pucci', 'emilio53@example.net', '0445255122', '1966-03-06', 'Rotonda Ludovica, 0 Piano 5', 34, 0),
(153, 'Raimondo', 'Fattori', 'matteo12@example.org', '0592180194', '1970-12-14', 'Incrocio Martucci, 81 Appartamento 70', 24, 0),
(154, 'Giancarlo', 'Pedroni', 'porziomaria@example.org', '36389091785', '1979-03-19', 'Viale Zanazzo, 64', 31, 0),
(155, 'Lilla', 'Sansoni', 'luxardolodovico@example.org', '0732202641', '1991-11-25', 'Via Mattarella, 1', 40, 0),
(156, 'Pompeo', 'Giovine', 'camillo94@example.com', '33904984906', '1999-07-02', 'Borgo Eva, 865', 15, 0),
(157, 'Ronaldo', 'Natta', 'antonaccifulvio@example.com', '330386776', '1972-10-10', 'Stretto Alighieri, 42', 18, 0),
(158, 'Amadeo', 'Agostinelli', 'cipriano29@example.org', '350057998', '1965-10-14', 'Strada Sermonti, 876 Piano 2', 8, 0),
(159, 'Stefano', 'Bacosi', 'gaetano26@example.net', '+39 0461864270', '1962-05-07', 'Strada Marcella, 21', 30, 0),
(160, 'Gioacchino', 'Tresoldi', 'ygarzoni@example.net', '0941318659', '1969-01-14', 'Contrada Tonisto, 63', 27, 0),
(161, 'Berenice', 'Roero', 'galiazzopriscilla@example.org', '+39 0578466622', '2001-11-17', 'Rotonda Prada, 692', 36, 0),
(162, 'Giacobbe', 'Gottardi', 'eziocapecchi@example.net', '+39 0191681999', '1978-06-21', 'Contrada Pavarotti, 234 Appartamento 8', 11, 0),
(163, 'Bruno', 'Guarneri', 'monicafermi@example.net', '+39 0583070257', '1972-11-12', 'Stretto Morena, 146 Piano 3', 22, 0),
(164, 'Ferdinando', 'Bondumier', 'zfermi@example.com', '+39 3716789967', '1980-03-07', 'Via Dulbecco, 6 Piano 8', 29, 0),
(165, 'Nadia', 'Pinamonte', 'foconiraffaele@example.net', '+39 0783076176', '1960-06-23', 'Borgo Baldassare, 6 Appartamento 10', 24, 0),
(166, 'Gelsomina', 'Finotto', 'silviatrevisan@example.com', '048100044', '1974-02-10', 'Viale Antonino, 94', 28, 0),
(167, 'Paolo', 'Lupo', 'gianluigimazzanti@example.org', '+39 351245656', '1989-09-12', 'Via Daniele, 98', 2, 0),
(168, 'Pina', 'Brancaccio', 'petruzzielvira@example.net', '0321034564', '2006-12-08', 'Vicolo Roberta, 370 Appartamento 39', 8, 0),
(169, 'Fredo', 'Parini', 'antoniocugia@example.com', '0586175929', '1976-05-08', 'Stretto Giulio, 9 Appartamento 5', 45, 0),
(170, 'Clelia', 'Flaiano', 'ftrillini@example.org', '+39 039325184', '2001-03-14', 'Strada Cendron, 1 Piano 9', 32, 0),
(171, 'Matteo', 'Gentilini', 'lidiapirandello@example.org', '+39 0345432093', '2006-09-30', 'Piazza Maurizio, 93 Piano 8', 10, 0),
(172, 'Lolita', 'Marcacci', 'aurorabellucci@example.org', '0923491758', '1978-02-03', 'Contrada Daria, 20 Appartamento 55', 43, 0),
(173, 'Viridiana', 'Conti', 'ermesgentileschi@example.com', '+39 04320418391', '1963-09-22', 'Contrada Dino, 6', 2, 0),
(174, 'Giampiero', 'Bartoli', 'floriogino@example.com', '+39 019352291', '1984-08-04', 'Via Biagio, 95 Appartamento 25', 16, 0),
(175, 'Luigi', 'Canil', 'pastineippazio@example.net', '05571118852', '1967-07-22', 'Vicolo Satriani, 3 Appartamento 1', 20, 0),
(176, 'Jacopo', 'Agostinelli', 'alessandravigorelli@example.net', '0965273969', '2004-10-30', 'Stretto Zampa, 45 Appartamento 24', 32, 0),
(177, 'Paoletta', 'Vigliotti', 'amletoabbagnale@example.org', '3457771287', '1973-02-24', 'Rotonda Atenulf, 486', 27, 0),
(178, 'Gioele', 'Tartaglia', 'lucianoquerini@example.org', '38802712950', '1971-04-26', 'Viale Micheletto, 78 Piano 1', 1, 0),
(179, 'Luciana', 'Zaccagnini', 'fcuda@example.com', '07821869058', '1970-04-21', 'Canale Filippa, 60 Appartamento 39', 8, 0),
(180, 'Natalia', 'Bruno', 'rominanitti@example.com', '+39 3515774369', '2001-04-14', 'Incrocio Dina, 46', 8, 0),
(181, 'Vittoria', 'Redi', 'accardofrancesca@example.com', '+39 37937787518', '1998-02-25', 'Stretto Nicolini, 87', 35, 0),
(182, 'Agostino', 'Cheda', 'michelangelo66@example.net', '0445840655', '1963-10-04', 'Borgo Aldo, 16', 19, 0),
(183, 'Lucrezia', 'Rocca', 'laureanocamicione@example.com', '034370546', '1980-07-09', 'Incrocio Giovanna, 49 Appartamento 50', 16, 0),
(184, 'Ermes', 'Migliaccio', 'grassirocco@example.net', '0761507963', '1962-04-24', 'Strada Alberto, 97', 6, 0),
(185, 'Sophia', 'Serao', 'valeria35@example.com', '051040228', '2000-10-22', 'Strada Corbo, 3 Piano 6', 27, 0),
(186, 'Riccardo', 'Morricone', 'sinisialberto@example.org', '03429515313', '1990-02-23', 'Stretto Patrizio, 67 Piano 6', 26, 0),
(187, 'Tina', 'Canali', 'sylviatreccani@example.net', '+39 393421300', '1995-10-01', 'Canale Borromeo, 68 Appartamento 27', 26, 0),
(188, 'Mattia', 'Montessori', 'tluciani@example.net', '+39 335553022', '1999-10-06', 'Canale Ninetta, 22 Piano 0', 27, 0),
(189, 'Franco', 'Battaglia', 'amalia66@example.net', '+39 07318713214', '1999-05-31', 'Contrada Ruberto, 11 Appartamento 6', 9, 0),
(190, 'Amico', 'Parpinel', 'puccio80@example.com', '+39 043253736', '1979-03-27', 'Strada Sanguineti, 27', 15, 0),
(191, 'Patrizio', 'Turati', 'ferrarisdaniele@example.org', '07321287190', '1969-05-06', 'Via Leone, 9', 2, 0),
(192, 'Nina', 'Raurica', 'atrapani@example.net', '+39 0789187855', '2001-03-03', 'Strada Giorgio, 8 Appartamento 9', 6, 0),
(193, 'Roman', 'Sollima', 'fallacigabriella@example.net', '+39 0351895446', '1969-03-23', 'Viale Sabatino, 58 Piano 4', 20, 0),
(194, 'Elmo', 'Fanucci', 'piermaria35@example.com', '37773328905', '1963-08-12', 'Canale Stefanelli, 678 Piano 7', 21, 0),
(195, 'Rossana', 'Cicala', 'ivanlegnante@example.com', '+39 097587373', '1988-12-19', 'Rotonda Novaro, 7', 3, 0),
(196, 'Achille', 'Puglisi', 'longhenagaetano@example.org', '+39 054484698', '2002-07-04', 'Via Benvenuto, 25 Piano 5', 17, 0),
(197, 'Ottone', 'Bassi', 'carullotiziano@example.org', '+39 0131038317', '2002-08-02', 'Borgo Jacopo, 94 Piano 2', 13, 0),
(198, 'Ivo', 'Brichese', 'antonininicola@example.org', '0343318154', '1997-02-04', 'Contrada Cesarotti, 3', 12, 0),
(199, 'Gianfranco', 'Legnante', 'lara61@example.com', '+39 0862645955', '1962-04-29', 'Incrocio Agnolo, 48 Appartamento 21', 33, 0),
(200, 'Pomponio', 'Ossola', 'calarcoalessia@example.com', '+39 0883278130', '2005-01-20', 'Canale Luisa, 4', 27, 0),
(201, 'Roberto', 'Bologna', 'bobologna@gmfake.com', '36685799950', '1987-09-29', 'Via Alina, 18 Piano 7', 11, 0);

--
-- Indici per le tabelle scaricate
--

--
-- Indici per le tabelle `city`
--
ALTER TABLE `city`
  ADD PRIMARY KEY (`CityID`),
  ADD UNIQUE KEY `CityName` (`CityName`),
  ADD KEY `fkCityProvinceID` (`ProvinceID`);

--
-- Indici per le tabelle `course`
--
ALTER TABLE `course`
  ADD PRIMARY KEY (`CourseID`),
  ADD UNIQUE KEY `CourseName` (`CourseName`),
  ADD KEY `fkCourseSiteID` (`SiteID`),
  ADD KEY `fkCourseTutorID` (`TutorID`);

--
-- Indici per le tabelle `grade`
--
ALTER TABLE `grade`
  ADD PRIMARY KEY (`GradeID`),
  ADD KEY `fkGradeStudentID` (`StudentID`),
  ADD KEY `fkGradeModuleID` (`ModuleID`);

--
-- Indici per le tabelle `module`
--
ALTER TABLE `module`
  ADD PRIMARY KEY (`ModuleID`),
  ADD KEY `fkModuleCourseID` (`CourseID`),
  ADD KEY `fkModuleTeacherID` (`TeacherID`),
  ADD KEY `fkModuleSubjectID` (`SubjectID`);

--
-- Indici per le tabelle `province`
--
ALTER TABLE `province`
  ADD PRIMARY KEY (`ProvinceID`),
  ADD UNIQUE KEY `ProvinceName` (`ProvinceName`);

--
-- Indici per le tabelle `site`
--
ALTER TABLE `site`
  ADD PRIMARY KEY (`SiteID`),
  ADD UNIQUE KEY `SiteName` (`SiteName`),
  ADD UNIQUE KEY `SiteAddress` (`SiteAddress`),
  ADD KEY `fkSiteCityID` (`CityID`);

--
-- Indici per le tabelle `student`
--
ALTER TABLE `student`
  ADD PRIMARY KEY (`StudentID`),
  ADD KEY `fkStudentUserInfoID` (`UserInfoID`),
  ADD KEY `fkStudentCourseID` (`CourseID`);

--
-- Indici per le tabelle `subject`
--
ALTER TABLE `subject`
  ADD PRIMARY KEY (`SubjectID`),
  ADD UNIQUE KEY `SubjectName` (`SubjectName`);

--
-- Indici per le tabelle `teacher`
--
ALTER TABLE `teacher`
  ADD PRIMARY KEY (`TeacherID`),
  ADD KEY `fkTeacherUserInfoID` (`UserInfoID`);

--
-- Indici per le tabelle `tutor`
--
ALTER TABLE `tutor`
  ADD PRIMARY KEY (`TutorID`),
  ADD KEY `fkTutorUserInfoID` (`UserInfoID`);

--
-- Indici per le tabelle `userinfo`
--
ALTER TABLE `userinfo`
  ADD PRIMARY KEY (`UserInfoID`),
  ADD UNIQUE KEY `Email` (`Email`),
  ADD UNIQUE KEY `PhoneNumber` (`PhoneNumber`),
  ADD UNIQUE KEY `UserAddress` (`UserAddress`),
  ADD KEY `fkUserInfoCityID` (`CityID`);

--
-- AUTO_INCREMENT per le tabelle scaricate
--

--
-- AUTO_INCREMENT per la tabella `city`
--
ALTER TABLE `city`
  MODIFY `CityID` int(11) NOT NULL AUTO_INCREMENT, AUTO_INCREMENT=46;

--
-- AUTO_INCREMENT per la tabella `course`
--
ALTER TABLE `course`
  MODIFY `CourseID` int(11) NOT NULL AUTO_INCREMENT, AUTO_INCREMENT=11;

--
-- AUTO_INCREMENT per la tabella `grade`
--
ALTER TABLE `grade`
  MODIFY `GradeID` int(11) NOT NULL AUTO_INCREMENT, AUTO_INCREMENT=1201;

--
-- AUTO_INCREMENT per la tabella `module`
--
ALTER TABLE `module`
  MODIFY `ModuleID` int(11) NOT NULL AUTO_INCREMENT, AUTO_INCREMENT=121;

--
-- AUTO_INCREMENT per la tabella `province`
--
ALTER TABLE `province`
  MODIFY `ProvinceID` int(11) NOT NULL AUTO_INCREMENT, AUTO_INCREMENT=10;

--
-- AUTO_INCREMENT per la tabella `site`
--
ALTER TABLE `site`
  MODIFY `SiteID` int(11) NOT NULL AUTO_INCREMENT, AUTO_INCREMENT=11;

--
-- AUTO_INCREMENT per la tabella `student`
--
ALTER TABLE `student`
  MODIFY `StudentID` int(11) NOT NULL AUTO_INCREMENT, AUTO_INCREMENT=101;

--
-- AUTO_INCREMENT per la tabella `subject`
--
ALTER TABLE `subject`
  MODIFY `SubjectID` int(11) NOT NULL AUTO_INCREMENT, AUTO_INCREMENT=57;

--
-- AUTO_INCREMENT per la tabella `teacher`
--
ALTER TABLE `teacher`
  MODIFY `TeacherID` int(11) NOT NULL AUTO_INCREMENT, AUTO_INCREMENT=22;

--
-- AUTO_INCREMENT per la tabella `tutor`
--
ALTER TABLE `tutor`
  MODIFY `TutorID` int(11) NOT NULL AUTO_INCREMENT, AUTO_INCREMENT=6;

--
-- AUTO_INCREMENT per la tabella `userinfo`
--
ALTER TABLE `userinfo`
  MODIFY `UserInfoID` int(11) NOT NULL AUTO_INCREMENT, AUTO_INCREMENT=202;

--
-- Limiti per le tabelle scaricate
--

--
-- Limiti per la tabella `city`
--
ALTER TABLE `city`
  ADD CONSTRAINT `fkCityProvinceID` FOREIGN KEY (`ProvinceID`) REFERENCES `province` (`ProvinceID`);

--
-- Limiti per la tabella `course`
--
ALTER TABLE `course`
  ADD CONSTRAINT `fkCourseSiteID` FOREIGN KEY (`SiteID`) REFERENCES `site` (`SiteID`),
  ADD CONSTRAINT `fkCourseTutorID` FOREIGN KEY (`TutorID`) REFERENCES `tutor` (`TutorID`);

--
-- Limiti per la tabella `grade`
--
ALTER TABLE `grade`
  ADD CONSTRAINT `fkGradeModuleID` FOREIGN KEY (`ModuleID`) REFERENCES `module` (`ModuleID`),
  ADD CONSTRAINT `fkGradeStudentID` FOREIGN KEY (`StudentID`) REFERENCES `student` (`StudentID`);

--
-- Limiti per la tabella `module`
--
ALTER TABLE `module`
  ADD CONSTRAINT `fkModuleCourseID` FOREIGN KEY (`CourseID`) REFERENCES `course` (`CourseID`),
  ADD CONSTRAINT `fkModuleSubjectID` FOREIGN KEY (`SubjectID`) REFERENCES `subject` (`SubjectID`),
  ADD CONSTRAINT `fkModuleTeacherID` FOREIGN KEY (`TeacherID`) REFERENCES `teacher` (`TeacherID`);

--
-- Limiti per la tabella `site`
--
ALTER TABLE `site`
  ADD CONSTRAINT `fkSiteCityID` FOREIGN KEY (`CityID`) REFERENCES `city` (`CityID`);

--
-- Limiti per la tabella `student`
--
ALTER TABLE `student`
  ADD CONSTRAINT `fkStudentCourseID` FOREIGN KEY (`CourseID`) REFERENCES `course` (`CourseID`),
  ADD CONSTRAINT `fkStudentUserInfoID` FOREIGN KEY (`UserInfoID`) REFERENCES `userinfo` (`UserInfoID`);

--
-- Limiti per la tabella `teacher`
--
ALTER TABLE `teacher`
  ADD CONSTRAINT `fkTeacherUserInfoID` FOREIGN KEY (`UserInfoID`) REFERENCES `userinfo` (`UserInfoID`);

--
-- Limiti per la tabella `tutor`
--
ALTER TABLE `tutor`
  ADD CONSTRAINT `fkTutorUserInfoID` FOREIGN KEY (`UserInfoID`) REFERENCES `userinfo` (`UserInfoID`);

--
-- Limiti per la tabella `userinfo`
--
ALTER TABLE `userinfo`
  ADD CONSTRAINT `fkUserInfoCityID` FOREIGN KEY (`CityID`) REFERENCES `city` (`CityID`);
COMMIT;

/*!40101 SET CHARACTER_SET_CLIENT=@OLD_CHARACTER_SET_CLIENT */;
/*!40101 SET CHARACTER_SET_RESULTS=@OLD_CHARACTER_SET_RESULTS */;
/*!40101 SET COLLATION_CONNECTION=@OLD_COLLATION_CONNECTION */;
