-- phpMyAdmin SQL Dump
-- version 5.2.1
-- https://www.phpmyadmin.net/
--
-- Host: 127.0.0.1
-- Creato il: Ott 23, 2025 alle 10:16
-- Versione del server: 10.4.32-MariaDB
-- Versione PHP: 8.2.12

SET SQL_MODE = "NO_AUTO_VALUE_ON_ZERO";
START TRANSACTION;
SET time_zone = "+00:00";


/*!40101 SET @OLD_CHARACTER_SET_CLIENT=@@CHARACTER_SET_CLIENT */;
/*!40101 SET @OLD_CHARACTER_SET_RESULTS=@@CHARACTER_SET_RESULTS */;
/*!40101 SET @OLD_COLLATION_CONNECTION=@@COLLATION_CONNECTION */;
/*!40101 SET NAMES utf8mb4 */;

--
-- Database: `db_academy`
--

-- --------------------------------------------------------

--
-- Struttura della tabella `city`
--

CREATE TABLE `city` (
  `CityID` int(11) NOT NULL,
  `ProvinceID` int(11) NOT NULL,
  `CityName` varchar(25) NOT NULL,
  `isDeleted` tinyint(1) DEFAULT 0
) ENGINE=InnoDB DEFAULT CHARSET=utf8mb4 COLLATE=utf8mb4_general_ci;

--
-- Dump dei dati per la tabella `city`
--

INSERT INTO `city` (`CityID`, `ProvinceID`, `CityName`, `isDeleted`) VALUES
(1, 1, 'Agrigento', 0),
(2, 1, 'Canicattì', 0),
(3, 1, 'Licata', 0),
(4, 1, 'Favara', 0),
(5, 1, 'Sciacca', 0),
(6, 2, 'Caltanissetta', 0),
(7, 2, 'Gela', 0),
(8, 2, 'Niscemi', 0),
(9, 2, 'San Cataldo', 0),
(10, 2, 'Mazzarino', 0),
(11, 3, 'Catania', 0),
(12, 3, 'Acireale', 0),
(13, 3, 'Paternò', 0),
(14, 3, 'Adrano', 0),
(15, 3, 'Misterbianco', 0),
(16, 4, 'Enna', 0),
(17, 4, 'Piazza Armerina', 0),
(18, 4, 'Leonforte', 0),
(19, 4, 'Nicosia', 0),
(20, 4, 'Barrafranca', 0),
(21, 5, 'Messina', 0),
(22, 5, 'Barcellona Pozzo di Gotto', 0),
(23, 5, 'Milazzo', 0),
(24, 5, 'Patti', 0),
(25, 5, 'Taormina', 0),
(26, 6, 'Palermo', 0),
(27, 6, 'Bagheria', 0),
(28, 6, 'Monreale', 0),
(29, 6, 'Termini Imerese', 0),
(30, 6, 'Carini', 0),
(31, 7, 'Ragusa', 0),
(32, 7, 'Modica', 0),
(33, 7, 'Vittoria', 0),
(34, 7, 'Comiso', 0),
(35, 7, 'Scicli', 0),
(36, 8, 'Siracusa', 0),
(37, 8, 'Augusta', 0),
(38, 8, 'Noto', 0),
(39, 8, 'Lentini', 0),
(40, 8, 'Avola', 0),
(41, 9, 'Trapani', 0),
(42, 9, 'Marsala', 0),
(43, 9, 'Mazara del Vallo', 0),
(44, 9, 'Alcamo', 0),
(45, 9, 'Castelvetrano', 0);

-- --------------------------------------------------------

--
-- Struttura della tabella `course`
--

CREATE TABLE `course` (
  `CourseID` int(11) NOT NULL,
  `CourseName` varchar(60) NOT NULL,
  `SiteID` int(11) NOT NULL,
  `TutorID` int(11) NOT NULL,
  `StartDate` date DEFAULT NULL,
  `EndDate` date DEFAULT NULL,
  `isDeleted` tinyint(1) DEFAULT 0
) ENGINE=InnoDB DEFAULT CHARSET=utf8mb4 COLLATE=utf8mb4_general_ci;

--
-- Dump dei dati per la tabella `course`
--

INSERT INTO `course` (`CourseID`, `CourseName`, `SiteID`, `TutorID`, `StartDate`, `EndDate`, `isDeleted`) VALUES
(1, 'Corso di Web & Cyber Security 28', 3, 5, '2024-06-15', NULL, 0),
(2, 'Corso di Web Developer A.I. 29', 7, 5, '2024-06-02', NULL, 0),
(3, 'Corso di Digital Media Design 30', 6, 1, '2025-05-16', NULL, 0),
(4, 'Corso di Web & Cyber Security 31', 7, 1, '2025-10-10', NULL, 0),
(5, 'Corso di Industry 4.0 & Smart Manufacturing 32', 7, 3, '2023-07-28', '2025-07-28', 0),
(6, 'Corso di Industry 4.0 & Smart Manufacturing 33', 2, 4, '2024-09-07', NULL, 0),
(7, 'Corso di Tecnico TBM (Tunnel Boring Machine) 34', 1, 2, '2024-09-29', NULL, 0),
(8, 'Corso di A.I. & Data Analysis 35', 7, 4, '2024-12-03', NULL, 0),
(9, 'Corso di Tecnico TBM (Tunnel Boring Machine) 36', 10, 5, '2023-09-07', '2025-09-07', 0),
(10, 'Corso di Digital Media Design 37', 3, 1, '2024-11-15', NULL, 0);

-- --------------------------------------------------------

--
-- Struttura della tabella `grade`
--

CREATE TABLE `grade` (
  `GradeID` int(11) NOT NULL,
  `StudentID` int(11) NOT NULL,
  `ModuleID` int(11) NOT NULL,
  `Grade` decimal(4,2) DEFAULT NULL,
  `isDeleted` tinyint(1) DEFAULT 0
) ENGINE=InnoDB DEFAULT CHARSET=utf8mb4 COLLATE=utf8mb4_general_ci;

--
-- Dump dei dati per la tabella `grade`
--

INSERT INTO `grade` (`GradeID`, `StudentID`, `ModuleID`, `Grade`, `isDeleted`) VALUES
(1, 1, 73, 7.00, 0),
(2, 1, 74, NULL, 0),
(3, 1, 75, NULL, 0),
(4, 1, 76, 9.00, 0),
(5, 1, 77, 4.00, 0),
(6, 1, 78, NULL, 0),
(7, 1, 79, NULL, 0),
(8, 1, 80, 10.00, 0),
(9, 1, 81, 5.00, 0),
(10, 1, 82, NULL, 0),
(11, 1, 83, NULL, 0),
(12, 1, 84, 9.00, 0),
(13, 2, 25, NULL, 0),
(14, 2, 26, NULL, 0),
(15, 2, 27, NULL, 0),
(16, 2, 28, NULL, 0),
(17, 2, 29, NULL, 0),
(18, 2, 30, 9.00, 0),
(19, 2, 31, 4.00, 0),
(20, 2, 32, NULL, 0),
(21, 2, 33, NULL, 0),
(22, 2, 34, NULL, 0),
(23, 2, 35, NULL, 0),
(24, 2, 36, 6.00, 0),
(25, 3, 25, NULL, 0),
(26, 3, 26, 10.00, 0),
(27, 3, 27, NULL, 0),
(28, 3, 28, NULL, 0),
(29, 3, 29, NULL, 0),
(30, 3, 30, NULL, 0),
(31, 3, 31, 10.00, 0),
(32, 3, 32, NULL, 0),
(33, 3, 33, NULL, 0),
(34, 3, 34, NULL, 0),
(35, 3, 35, NULL, 0),
(36, 3, 36, 8.00, 0),
(37, 4, 37, NULL, 0),
(38, 4, 38, NULL, 0),
(39, 4, 39, 6.00, 0),
(40, 4, 40, NULL, 0),
(41, 4, 41, NULL, 0),
(42, 4, 42, NULL, 0),
(43, 4, 43, 9.00, 0),
(44, 4, 44, 9.00, 0),
(45, 4, 45, NULL, 0),
(46, 4, 46, NULL, 0),
(47, 4, 47, NULL, 0),
(48, 4, 48, NULL, 0),
(49, 5, 109, 4.00, 0),
(50, 5, 110, NULL, 0),
(51, 5, 111, NULL, 0),
(52, 5, 112, 8.00, 0),
(53, 5, 113, NULL, 0),
(54, 5, 114, NULL, 0),
(55, 5, 115, NULL, 0),
(56, 5, 116, 4.00, 0),
(57, 5, 117, 10.00, 0),
(58, 5, 118, NULL, 0),
(59, 5, 119, NULL, 0),
(60, 5, 120, NULL, 0),
(61, 6, 1, 6.00, 0),
(62, 6, 2, 5.00, 0),
(63, 6, 3, NULL, 0),
(64, 6, 4, 8.00, 0),
(65, 6, 5, NULL, 0),
(66, 6, 6, NULL, 0),
(67, 6, 7, NULL, 0),
(68, 6, 8, NULL, 0),
(69, 6, 9, 6.00, 0),
(70, 6, 10, NULL, 0),
(71, 6, 11, NULL, 0),
(72, 6, 12, NULL, 0),
(73, 7, 13, 5.00, 0),
(74, 7, 14, NULL, 0),
(75, 7, 15, NULL, 0),
(76, 7, 16, NULL, 0),
(77, 7, 17, NULL, 0),
(78, 7, 18, 9.00, 0),
(79, 7, 19, NULL, 0),
(80, 7, 20, 6.00, 0),
(81, 7, 21, NULL, 0),
(82, 7, 22, NULL, 0),
(83, 7, 23, 8.00, 0),
(84, 7, 24, NULL, 0),
(85, 8, 73, NULL, 0),
(86, 8, 74, NULL, 0),
(87, 8, 75, NULL, 0),
(88, 8, 76, NULL, 0),
(89, 8, 77, NULL, 0),
(90, 8, 78, 9.00, 0),
(91, 8, 79, NULL, 0),
(92, 8, 80, 9.00, 0),
(93, 8, 81, NULL, 0),
(94, 8, 82, NULL, 0),
(95, 8, 83, 8.00, 0),
(96, 8, 84, 6.00, 0),
(97, 9, 73, NULL, 0),
(98, 9, 74, NULL, 0),
(99, 9, 75, NULL, 0),
(100, 9, 76, NULL, 0),
(101, 9, 77, NULL, 0),
(102, 9, 78, NULL, 0),
(103, 9, 79, NULL, 0),
(104, 9, 80, 6.00, 0),
(105, 9, 81, 5.00, 0),
(106, 9, 82, NULL, 0),
(107, 9, 83, 6.00, 0),
(108, 9, 84, NULL, 0),
(109, 10, 85, NULL, 0),
(110, 10, 86, NULL, 0),
(111, 10, 87, NULL, 0),
(112, 10, 88, NULL, 0),
(113, 10, 89, NULL, 0),
(114, 10, 90, 4.00, 0),
(115, 10, 91, NULL, 0),
(116, 10, 92, NULL, 0),
(117, 10, 93, NULL, 0),
(118, 10, 94, NULL, 0),
(119, 10, 95, NULL, 0),
(120, 10, 96, 8.00, 0),
(121, 11, 25, NULL, 0),
(122, 11, 26, 4.00, 0),
(123, 11, 27, NULL, 0),
(124, 11, 28, NULL, 0),
(125, 11, 29, 4.00, 0),
(126, 11, 30, NULL, 0),
(127, 11, 31, NULL, 0),
(128, 11, 32, NULL, 0),
(129, 11, 33, NULL, 0),
(130, 11, 34, NULL, 0),
(131, 11, 35, NULL, 0),
(132, 11, 36, 9.00, 0),
(133, 12, 1, 9.00, 0),
(134, 12, 2, NULL, 0),
(135, 12, 3, 4.00, 0),
(136, 12, 4, 6.00, 0),
(137, 12, 5, NULL, 0),
(138, 12, 6, NULL, 0),
(139, 12, 7, NULL, 0),
(140, 12, 8, NULL, 0),
(141, 12, 9, NULL, 0),
(142, 12, 10, NULL, 0),
(143, 12, 11, 10.00, 0),
(144, 12, 12, NULL, 0),
(145, 13, 49, 6.00, 0),
(146, 13, 50, 8.00, 0),
(147, 13, 51, 4.00, 0),
(148, 13, 52, 8.00, 0),
(149, 13, 53, 7.00, 0),
(150, 13, 54, 10.00, 0),
(151, 13, 55, 4.00, 0),
(152, 13, 56, 9.00, 0),
(153, 13, 57, 4.00, 0),
(154, 13, 58, 8.00, 0),
(155, 13, 59, 5.00, 0),
(156, 13, 60, 7.00, 0),
(157, 14, 49, 7.00, 0),
(158, 14, 50, 4.00, 0),
(159, 14, 51, 8.00, 0),
(160, 14, 52, 5.00, 0),
(161, 14, 53, 7.00, 0),
(162, 14, 54, 5.00, 0),
(163, 14, 55, 6.00, 0),
(164, 14, 56, 6.00, 0),
(165, 14, 57, 9.00, 0),
(166, 14, 58, 10.00, 0),
(167, 14, 59, 10.00, 0),
(168, 14, 60, 10.00, 0),
(169, 15, 97, 9.00, 0),
(170, 15, 98, 4.00, 0),
(171, 15, 99, 8.00, 0),
(172, 15, 100, 8.00, 0),
(173, 15, 101, 5.00, 0),
(174, 15, 102, 9.00, 0),
(175, 15, 103, 4.00, 0),
(176, 15, 104, 6.00, 0),
(177, 15, 105, 7.00, 0),
(178, 15, 106, 9.00, 0),
(179, 15, 107, 6.00, 0),
(180, 15, 108, 7.00, 0),
(181, 16, 85, NULL, 0),
(182, 16, 86, NULL, 0),
(183, 16, 87, NULL, 0),
(184, 16, 88, NULL, 0),
(185, 16, 89, NULL, 0),
(186, 16, 90, NULL, 0),
(187, 16, 91, NULL, 0),
(188, 16, 92, NULL, 0),
(189, 16, 93, 8.00, 0),
(190, 16, 94, 4.00, 0),
(191, 16, 95, NULL, 0),
(192, 16, 96, NULL, 0),
(193, 17, 25, 6.00, 0),
(194, 17, 26, NULL, 0),
(195, 17, 27, NULL, 0),
(196, 17, 28, 8.00, 0),
(197, 17, 29, NULL, 0),
(198, 17, 30, NULL, 0),
(199, 17, 31, 7.00, 0),
(200, 17, 32, 9.00, 0),
(201, 17, 33, NULL, 0),
(202, 17, 34, NULL, 0),
(203, 17, 35, NULL, 0),
(204, 17, 36, NULL, 0),
(205, 18, 109, NULL, 0),
(206, 18, 110, NULL, 0),
(207, 18, 111, NULL, 0),
(208, 18, 112, NULL, 0),
(209, 18, 113, NULL, 0),
(210, 18, 114, 4.00, 0),
(211, 18, 115, NULL, 0),
(212, 18, 116, 5.00, 0),
(213, 18, 117, 9.00, 0),
(214, 18, 118, NULL, 0),
(215, 18, 119, NULL, 0),
(216, 18, 120, NULL, 0),
(217, 19, 37, NULL, 0),
(218, 19, 38, NULL, 0),
(219, 19, 39, NULL, 0),
(220, 19, 40, NULL, 0),
(221, 19, 41, NULL, 0),
(222, 19, 42, NULL, 0),
(223, 19, 43, NULL, 0),
(224, 19, 44, NULL, 0),
(225, 19, 45, NULL, 0),
(226, 19, 46, NULL, 0),
(227, 19, 47, NULL, 0),
(228, 19, 48, NULL, 0),
(229, 20, 49, 6.00, 0),
(230, 20, 50, 8.00, 0),
(231, 20, 51, 10.00, 0),
(232, 20, 52, 4.00, 0),
(233, 20, 53, 10.00, 0),
(234, 20, 54, 8.00, 0),
(235, 20, 55, 7.00, 0),
(236, 20, 56, 10.00, 0),
(237, 20, 57, 9.00, 0),
(238, 20, 58, 9.00, 0),
(239, 20, 59, 4.00, 0),
(240, 20, 60, 6.00, 0),
(241, 21, 25, NULL, 0),
(242, 21, 26, NULL, 0),
(243, 21, 27, 7.00, 0),
(244, 21, 28, 7.00, 0),
(245, 21, 29, NULL, 0),
(246, 21, 30, NULL, 0),
(247, 21, 31, NULL, 0),
(248, 21, 32, 9.00, 0),
(249, 21, 33, NULL, 0),
(250, 21, 34, NULL, 0),
(251, 21, 35, NULL, 0),
(252, 21, 36, NULL, 0),
(253, 22, 73, 7.00, 0),
(254, 22, 74, 5.00, 0),
(255, 22, 75, 6.00, 0),
(256, 22, 76, NULL, 0),
(257, 22, 77, NULL, 0),
(258, 22, 78, 10.00, 0),
(259, 22, 79, NULL, 0),
(260, 22, 80, NULL, 0),
(261, 22, 81, NULL, 0),
(262, 22, 82, NULL, 0),
(263, 22, 83, NULL, 0),
(264, 22, 84, NULL, 0),
(265, 23, 61, 4.00, 0),
(266, 23, 62, NULL, 0),
(267, 23, 63, NULL, 0),
(268, 23, 64, NULL, 0),
(269, 23, 65, 5.00, 0),
(270, 23, 66, 8.00, 0),
(271, 23, 67, NULL, 0),
(272, 23, 68, NULL, 0),
(273, 23, 69, NULL, 0),
(274, 23, 70, NULL, 0),
(275, 23, 71, NULL, 0),
(276, 23, 72, NULL, 0),
(277, 24, 61, NULL, 0),
(278, 24, 62, 6.00, 0),
(279, 24, 63, NULL, 0),
(280, 24, 64, 9.00, 0),
(281, 24, 65, NULL, 0),
(282, 24, 66, NULL, 0),
(283, 24, 67, 5.00, 0),
(284, 24, 68, NULL, 0),
(285, 24, 69, NULL, 0),
(286, 24, 70, 8.00, 0),
(287, 24, 71, NULL, 0),
(288, 24, 72, 8.00, 0),
(289, 25, 61, 6.00, 0),
(290, 25, 62, 4.00, 0),
(291, 25, 63, NULL, 0),
(292, 25, 64, NULL, 0),
(293, 25, 65, 6.00, 0),
(294, 25, 66, 4.00, 0),
(295, 25, 67, 5.00, 0),
(296, 25, 68, NULL, 0),
(297, 25, 69, NULL, 0),
(298, 25, 70, NULL, 0),
(299, 25, 71, NULL, 0),
(300, 25, 72, 6.00, 0),
(301, 26, 109, 9.00, 0),
(302, 26, 110, NULL, 0),
(303, 26, 111, NULL, 0),
(304, 26, 112, NULL, 0),
(305, 26, 113, NULL, 0),
(306, 26, 114, NULL, 0),
(307, 26, 115, NULL, 0),
(308, 26, 116, NULL, 0),
(309, 26, 117, NULL, 0),
(310, 26, 118, NULL, 0),
(311, 26, 119, 5.00, 0),
(312, 26, 120, NULL, 0),
(313, 27, 25, 9.00, 0),
(314, 27, 26, NULL, 0),
(315, 27, 27, NULL, 0),
(316, 27, 28, NULL, 0),
(317, 27, 29, NULL, 0),
(318, 27, 30, NULL, 0),
(319, 27, 31, 5.00, 0),
(320, 27, 32, NULL, 0),
(321, 27, 33, NULL, 0),
(322, 27, 34, NULL, 0),
(323, 27, 35, 7.00, 0),
(324, 27, 36, 4.00, 0),
(325, 28, 37, NULL, 0),
(326, 28, 38, NULL, 0),
(327, 28, 39, NULL, 0),
(328, 28, 40, NULL, 0),
(329, 28, 41, NULL, 0),
(330, 28, 42, NULL, 0),
(331, 28, 43, 10.00, 0),
(332, 28, 44, NULL, 0),
(333, 28, 45, NULL, 0),
(334, 28, 46, 10.00, 0),
(335, 28, 47, NULL, 0),
(336, 28, 48, 7.00, 0),
(337, 29, 97, 6.00, 0),
(338, 29, 98, 6.00, 0),
(339, 29, 99, 4.00, 0),
(340, 29, 100, 6.00, 0),
(341, 29, 101, 6.00, 0),
(342, 29, 102, 5.00, 0),
(343, 29, 103, 10.00, 0),
(344, 29, 104, 8.00, 0),
(345, 29, 105, 9.00, 0),
(346, 29, 106, 10.00, 0),
(347, 29, 107, 7.00, 0),
(348, 29, 108, 10.00, 0),
(349, 30, 13, 9.00, 0),
(350, 30, 14, NULL, 0),
(351, 30, 15, NULL, 0),
(352, 30, 16, 10.00, 0),
(353, 30, 17, NULL, 0),
(354, 30, 18, NULL, 0),
(355, 30, 19, NULL, 0),
(356, 30, 20, NULL, 0),
(357, 30, 21, NULL, 0),
(358, 30, 22, NULL, 0),
(359, 30, 23, NULL, 0),
(360, 30, 24, NULL, 0),
(361, 31, 1, NULL, 0),
(362, 31, 2, 7.00, 0),
(363, 31, 3, NULL, 0),
(364, 31, 4, NULL, 0),
(365, 31, 5, NULL, 0),
(366, 31, 6, 4.00, 0),
(367, 31, 7, NULL, 0),
(368, 31, 8, NULL, 0),
(369, 31, 9, NULL, 0),
(370, 31, 10, 5.00, 0),
(371, 31, 11, 8.00, 0),
(372, 31, 12, NULL, 0),
(373, 32, 97, 5.00, 0),
(374, 32, 98, 4.00, 0),
(375, 32, 99, 7.00, 0),
(376, 32, 100, 5.00, 0),
(377, 32, 101, 8.00, 0),
(378, 32, 102, 4.00, 0),
(379, 32, 103, 9.00, 0),
(380, 32, 104, 6.00, 0),
(381, 32, 105, 5.00, 0),
(382, 32, 106, 5.00, 0),
(383, 32, 107, 10.00, 0),
(384, 32, 108, 8.00, 0),
(385, 33, 49, 8.00, 0),
(386, 33, 50, 10.00, 0),
(387, 33, 51, 10.00, 0),
(388, 33, 52, 5.00, 0),
(389, 33, 53, 4.00, 0),
(390, 33, 54, 8.00, 0),
(391, 33, 55, 9.00, 0),
(392, 33, 56, 7.00, 0),
(393, 33, 57, 4.00, 0),
(394, 33, 58, 9.00, 0),
(395, 33, 59, 8.00, 0),
(396, 33, 60, 8.00, 0),
(397, 34, 1, NULL, 0),
(398, 34, 2, NULL, 0),
(399, 34, 3, NULL, 0),
(400, 34, 4, NULL, 0),
(401, 34, 5, NULL, 0),
(402, 34, 6, NULL, 0),
(403, 34, 7, NULL, 0),
(404, 34, 8, NULL, 0),
(405, 34, 9, NULL, 0),
(406, 34, 10, NULL, 0),
(407, 34, 11, 5.00, 0),
(408, 34, 12, NULL, 0),
(409, 35, 97, 8.00, 0),
(410, 35, 98, 6.00, 0),
(411, 35, 99, 4.00, 0),
(412, 35, 100, 5.00, 0),
(413, 35, 101, 10.00, 0),
(414, 35, 102, 5.00, 0),
(415, 35, 103, 5.00, 0),
(416, 35, 104, 5.00, 0),
(417, 35, 105, 7.00, 0),
(418, 35, 106, 9.00, 0),
(419, 35, 107, 8.00, 0),
(420, 35, 108, 6.00, 0),
(421, 36, 37, NULL, 0),
(422, 36, 38, NULL, 0),
(423, 36, 39, 9.00, 0),
(424, 36, 40, 5.00, 0),
(425, 36, 41, NULL, 0),
(426, 36, 42, NULL, 0),
(427, 36, 43, NULL, 0),
(428, 36, 44, NULL, 0),
(429, 36, 45, NULL, 0),
(430, 36, 46, 9.00, 0),
(431, 36, 47, NULL, 0),
(432, 36, 48, NULL, 0),
(433, 37, 85, NULL, 0),
(434, 37, 86, NULL, 0),
(435, 37, 87, NULL, 0),
(436, 37, 88, NULL, 0),
(437, 37, 89, NULL, 0),
(438, 37, 90, NULL, 0),
(439, 37, 91, NULL, 0),
(440, 37, 92, NULL, 0),
(441, 37, 93, NULL, 0),
(442, 37, 94, NULL, 0),
(443, 37, 95, NULL, 0),
(444, 37, 96, NULL, 0),
(445, 38, 109, 4.00, 0),
(446, 38, 110, 5.00, 0),
(447, 38, 111, NULL, 0),
(448, 38, 112, NULL, 0),
(449, 38, 113, NULL, 0),
(450, 38, 114, NULL, 0),
(451, 38, 115, NULL, 0),
(452, 38, 116, NULL, 0),
(453, 38, 117, NULL, 0),
(454, 38, 118, 7.00, 0),
(455, 38, 119, NULL, 0),
(456, 38, 120, NULL, 0),
(457, 39, 1, NULL, 0),
(458, 39, 2, NULL, 0),
(459, 39, 3, NULL, 0),
(460, 39, 4, NULL, 0),
(461, 39, 5, NULL, 0),
(462, 39, 6, 10.00, 0),
(463, 39, 7, NULL, 0),
(464, 39, 8, NULL, 0),
(465, 39, 9, NULL, 0),
(466, 39, 10, NULL, 0),
(467, 39, 11, 4.00, 0),
(468, 39, 12, NULL, 0),
(469, 40, 13, NULL, 0),
(470, 40, 14, 5.00, 0),
(471, 40, 15, NULL, 0),
(472, 40, 16, 6.00, 0),
(473, 40, 17, NULL, 0),
(474, 40, 18, NULL, 0),
(475, 40, 19, NULL, 0),
(476, 40, 20, NULL, 0),
(477, 40, 21, NULL, 0),
(478, 40, 22, NULL, 0),
(479, 40, 23, NULL, 0),
(480, 40, 24, NULL, 0),
(481, 41, 37, 6.00, 0),
(482, 41, 38, NULL, 0),
(483, 41, 39, 4.00, 0),
(484, 41, 40, NULL, 0),
(485, 41, 41, NULL, 0),
(486, 41, 42, NULL, 0),
(487, 41, 43, NULL, 0),
(488, 41, 44, NULL, 0),
(489, 41, 45, NULL, 0),
(490, 41, 46, NULL, 0),
(491, 41, 47, 6.00, 0),
(492, 41, 48, NULL, 0),
(493, 42, 13, NULL, 0),
(494, 42, 14, NULL, 0),
(495, 42, 15, 10.00, 0),
(496, 42, 16, NULL, 0),
(497, 42, 17, NULL, 0),
(498, 42, 18, 6.00, 0),
(499, 42, 19, NULL, 0),
(500, 42, 20, NULL, 0),
(501, 42, 21, NULL, 0),
(502, 42, 22, NULL, 0),
(503, 42, 23, 9.00, 0),
(504, 42, 24, NULL, 0),
(505, 43, 49, 10.00, 0),
(506, 43, 50, 6.00, 0),
(507, 43, 51, 6.00, 0),
(508, 43, 52, 10.00, 0),
(509, 43, 53, 4.00, 0),
(510, 43, 54, 5.00, 0),
(511, 43, 55, 6.00, 0),
(512, 43, 56, 4.00, 0),
(513, 43, 57, 9.00, 0),
(514, 43, 58, 8.00, 0),
(515, 43, 59, 9.00, 0),
(516, 43, 60, 6.00, 0),
(517, 44, 85, NULL, 0),
(518, 44, 86, 8.00, 0),
(519, 44, 87, NULL, 0),
(520, 44, 88, NULL, 0),
(521, 44, 89, NULL, 0),
(522, 44, 90, NULL, 0),
(523, 44, 91, NULL, 0),
(524, 44, 92, 6.00, 0),
(525, 44, 93, 8.00, 0),
(526, 44, 94, NULL, 0),
(527, 44, 95, NULL, 0),
(528, 44, 96, NULL, 0),
(529, 45, 49, 4.00, 0),
(530, 45, 50, 9.00, 0),
(531, 45, 51, 9.00, 0),
(532, 45, 52, 9.00, 0),
(533, 45, 53, 9.00, 0),
(534, 45, 54, 5.00, 0),
(535, 45, 55, 6.00, 0),
(536, 45, 56, 6.00, 0),
(537, 45, 57, 9.00, 0),
(538, 45, 58, 4.00, 0),
(539, 45, 59, 10.00, 0),
(540, 45, 60, 7.00, 0),
(541, 46, 1, NULL, 0),
(542, 46, 2, NULL, 0),
(543, 46, 3, NULL, 0),
(544, 46, 4, NULL, 0),
(545, 46, 5, 7.00, 0),
(546, 46, 6, NULL, 0),
(547, 46, 7, NULL, 0),
(548, 46, 8, NULL, 0),
(549, 46, 9, 8.00, 0),
(550, 46, 10, 6.00, 0),
(551, 46, 11, 5.00, 0),
(552, 46, 12, NULL, 0),
(553, 47, 1, 9.00, 0),
(554, 47, 2, NULL, 0),
(555, 47, 3, NULL, 0),
(556, 47, 4, 9.00, 0),
(557, 47, 5, NULL, 0),
(558, 47, 6, NULL, 0),
(559, 47, 7, NULL, 0),
(560, 47, 8, NULL, 0),
(561, 47, 9, NULL, 0),
(562, 47, 10, NULL, 0),
(563, 47, 11, NULL, 0),
(564, 47, 12, NULL, 0),
(565, 48, 13, NULL, 0),
(566, 48, 14, NULL, 0),
(567, 48, 15, NULL, 0),
(568, 48, 16, NULL, 0),
(569, 48, 17, 6.00, 0),
(570, 48, 18, NULL, 0),
(571, 48, 19, NULL, 0),
(572, 48, 20, NULL, 0),
(573, 48, 21, NULL, 0),
(574, 48, 22, NULL, 0),
(575, 48, 23, 5.00, 0),
(576, 48, 24, NULL, 0),
(577, 49, 49, 4.00, 0),
(578, 49, 50, 4.00, 0),
(579, 49, 51, 8.00, 0),
(580, 49, 52, 4.00, 0),
(581, 49, 53, 6.00, 0),
(582, 49, 54, 6.00, 0),
(583, 49, 55, 10.00, 0),
(584, 49, 56, 6.00, 0),
(585, 49, 57, 6.00, 0),
(586, 49, 58, 5.00, 0),
(587, 49, 59, 9.00, 0),
(588, 49, 60, 9.00, 0),
(589, 50, 13, 8.00, 0),
(590, 50, 14, NULL, 0),
(591, 50, 15, NULL, 0),
(592, 50, 16, NULL, 0),
(593, 50, 17, NULL, 0),
(594, 50, 18, NULL, 0),
(595, 50, 19, NULL, 0),
(596, 50, 20, NULL, 0),
(597, 50, 21, NULL, 0),
(598, 50, 22, 7.00, 0),
(599, 50, 23, NULL, 0),
(600, 50, 24, NULL, 0),
(601, 51, 1, NULL, 0),
(602, 51, 2, 10.00, 0),
(603, 51, 3, NULL, 0),
(604, 51, 4, 4.00, 0),
(605, 51, 5, NULL, 0),
(606, 51, 6, 8.00, 0),
(607, 51, 7, NULL, 0),
(608, 51, 8, NULL, 0),
(609, 51, 9, NULL, 0),
(610, 51, 10, NULL, 0),
(611, 51, 11, 8.00, 0),
(612, 51, 12, NULL, 0),
(613, 52, 73, 9.00, 0),
(614, 52, 74, NULL, 0),
(615, 52, 75, NULL, 0),
(616, 52, 76, NULL, 0),
(617, 52, 77, NULL, 0),
(618, 52, 78, NULL, 0),
(619, 52, 79, NULL, 0),
(620, 52, 80, NULL, 0),
(621, 52, 81, NULL, 0),
(622, 52, 82, NULL, 0),
(623, 52, 83, NULL, 0),
(624, 52, 84, NULL, 0),
(625, 53, 61, 5.00, 0),
(626, 53, 62, 6.00, 0),
(627, 53, 63, NULL, 0),
(628, 53, 64, NULL, 0),
(629, 53, 65, NULL, 0),
(630, 53, 66, NULL, 0),
(631, 53, 67, NULL, 0),
(632, 53, 68, NULL, 0),
(633, 53, 69, NULL, 0),
(634, 53, 70, NULL, 0),
(635, 53, 71, NULL, 0),
(636, 53, 72, NULL, 0),
(637, 54, 61, NULL, 0),
(638, 54, 62, 9.00, 0),
(639, 54, 63, 4.00, 0),
(640, 54, 64, NULL, 0),
(641, 54, 65, 8.00, 0),
(642, 54, 66, NULL, 0),
(643, 54, 67, NULL, 0),
(644, 54, 68, NULL, 0),
(645, 54, 69, NULL, 0),
(646, 54, 70, 4.00, 0),
(647, 54, 71, 10.00, 0),
(648, 54, 72, NULL, 0),
(649, 55, 73, NULL, 0),
(650, 55, 74, NULL, 0),
(651, 55, 75, NULL, 0),
(652, 55, 76, 4.00, 0),
(653, 55, 77, NULL, 0),
(654, 55, 78, NULL, 0),
(655, 55, 79, NULL, 0),
(656, 55, 80, NULL, 0),
(657, 55, 81, 9.00, 0),
(658, 55, 82, NULL, 0),
(659, 55, 83, NULL, 0),
(660, 55, 84, 6.00, 0),
(661, 56, 97, 8.00, 0),
(662, 56, 98, 7.00, 0),
(663, 56, 99, 6.00, 0),
(664, 56, 100, 7.00, 0),
(665, 56, 101, 10.00, 0),
(666, 56, 102, 6.00, 0),
(667, 56, 103, 4.00, 0),
(668, 56, 104, 10.00, 0),
(669, 56, 105, 9.00, 0),
(670, 56, 106, 10.00, 0),
(671, 56, 107, 6.00, 0),
(672, 56, 108, 4.00, 0),
(673, 57, 1, NULL, 0),
(674, 57, 2, 10.00, 0),
(675, 57, 3, NULL, 0),
(676, 57, 4, NULL, 0),
(677, 57, 5, NULL, 0),
(678, 57, 6, NULL, 0),
(679, 57, 7, 5.00, 0),
(680, 57, 8, NULL, 0),
(681, 57, 9, NULL, 0),
(682, 57, 10, NULL, 0),
(683, 57, 11, 10.00, 0),
(684, 57, 12, 7.00, 0),
(685, 58, 109, NULL, 0),
(686, 58, 110, NULL, 0),
(687, 58, 111, 8.00, 0),
(688, 58, 112, NULL, 0),
(689, 58, 113, NULL, 0),
(690, 58, 114, NULL, 0),
(691, 58, 115, NULL, 0),
(692, 58, 116, NULL, 0),
(693, 58, 117, NULL, 0),
(694, 58, 118, 5.00, 0),
(695, 58, 119, NULL, 0),
(696, 58, 120, 10.00, 0),
(697, 59, 49, 7.00, 0),
(698, 59, 50, 7.00, 0),
(699, 59, 51, 4.00, 0),
(700, 59, 52, 6.00, 0),
(701, 59, 53, 5.00, 0),
(702, 59, 54, 7.00, 0),
(703, 59, 55, 6.00, 0),
(704, 59, 56, 7.00, 0),
(705, 59, 57, 6.00, 0),
(706, 59, 58, 6.00, 0),
(707, 59, 59, 10.00, 0),
(708, 59, 60, 4.00, 0),
(709, 60, 13, NULL, 0),
(710, 60, 14, NULL, 0),
(711, 60, 15, 6.00, 0),
(712, 60, 16, NULL, 0),
(713, 60, 17, NULL, 0),
(714, 60, 18, NULL, 0),
(715, 60, 19, NULL, 0),
(716, 60, 20, NULL, 0),
(717, 60, 21, NULL, 0),
(718, 60, 22, 7.00, 0),
(719, 60, 23, NULL, 0),
(720, 60, 24, 7.00, 0),
(721, 61, 73, 8.00, 0),
(722, 61, 74, NULL, 0),
(723, 61, 75, NULL, 0),
(724, 61, 76, NULL, 0),
(725, 61, 77, NULL, 0),
(726, 61, 78, NULL, 0),
(727, 61, 79, NULL, 0),
(728, 61, 80, 4.00, 0),
(729, 61, 81, NULL, 0),
(730, 61, 82, NULL, 0),
(731, 61, 83, 8.00, 0),
(732, 61, 84, NULL, 0),
(733, 62, 73, NULL, 0),
(734, 62, 74, NULL, 0),
(735, 62, 75, NULL, 0),
(736, 62, 76, NULL, 0),
(737, 62, 77, NULL, 0),
(738, 62, 78, 8.00, 0),
(739, 62, 79, NULL, 0),
(740, 62, 80, 9.00, 0),
(741, 62, 81, NULL, 0),
(742, 62, 82, NULL, 0),
(743, 62, 83, NULL, 0),
(744, 62, 84, NULL, 0),
(745, 63, 25, NULL, 0),
(746, 63, 26, 4.00, 0),
(747, 63, 27, 7.00, 0),
(748, 63, 28, NULL, 0),
(749, 63, 29, 8.00, 0),
(750, 63, 30, NULL, 0),
(751, 63, 31, NULL, 0),
(752, 63, 32, 6.00, 0),
(753, 63, 33, NULL, 0),
(754, 63, 34, NULL, 0),
(755, 63, 35, NULL, 0),
(756, 63, 36, NULL, 0),
(757, 64, 1, NULL, 0),
(758, 64, 2, 8.00, 0),
(759, 64, 3, NULL, 0),
(760, 64, 4, NULL, 0),
(761, 64, 5, NULL, 0),
(762, 64, 6, NULL, 0),
(763, 64, 7, NULL, 0),
(764, 64, 8, NULL, 0),
(765, 64, 9, 5.00, 0),
(766, 64, 10, NULL, 0),
(767, 64, 11, NULL, 0),
(768, 64, 12, NULL, 0),
(769, 65, 13, NULL, 0),
(770, 65, 14, NULL, 0),
(771, 65, 15, NULL, 0),
(772, 65, 16, NULL, 0),
(773, 65, 17, NULL, 0),
(774, 65, 18, NULL, 0),
(775, 65, 19, 8.00, 0),
(776, 65, 20, NULL, 0),
(777, 65, 21, NULL, 0),
(778, 65, 22, NULL, 0),
(779, 65, 23, NULL, 0),
(780, 65, 24, NULL, 0),
(781, 66, 25, NULL, 0),
(782, 66, 26, NULL, 0),
(783, 66, 27, 9.00, 0),
(784, 66, 28, 7.00, 0),
(785, 66, 29, NULL, 0),
(786, 66, 30, NULL, 0),
(787, 66, 31, 7.00, 0),
(788, 66, 32, NULL, 0),
(789, 66, 33, 8.00, 0),
(790, 66, 34, NULL, 0),
(791, 66, 35, NULL, 0),
(792, 66, 36, NULL, 0),
(793, 67, 25, NULL, 0),
(794, 67, 26, NULL, 0),
(795, 67, 27, NULL, 0),
(796, 67, 28, NULL, 0),
(797, 67, 29, NULL, 0),
(798, 67, 30, NULL, 0),
(799, 67, 31, NULL, 0),
(800, 67, 32, NULL, 0),
(801, 67, 33, 9.00, 0),
(802, 67, 34, NULL, 0),
(803, 67, 35, NULL, 0),
(804, 67, 36, NULL, 0),
(805, 68, 1, NULL, 0),
(806, 68, 2, 10.00, 0),
(807, 68, 3, NULL, 0),
(808, 68, 4, NULL, 0),
(809, 68, 5, NULL, 0),
(810, 68, 6, 8.00, 0),
(811, 68, 7, NULL, 0),
(812, 68, 8, 5.00, 0),
(813, 68, 9, NULL, 0),
(814, 68, 10, 9.00, 0),
(815, 68, 11, NULL, 0),
(816, 68, 12, NULL, 0),
(817, 69, 49, 9.00, 0),
(818, 69, 50, 6.00, 0),
(819, 69, 51, 4.00, 0),
(820, 69, 52, 9.00, 0),
(821, 69, 53, 10.00, 0),
(822, 69, 54, 5.00, 0),
(823, 69, 55, 10.00, 0),
(824, 69, 56, 4.00, 0),
(825, 69, 57, 7.00, 0),
(826, 69, 58, 8.00, 0),
(827, 69, 59, 7.00, 0),
(828, 69, 60, 9.00, 0),
(829, 70, 73, NULL, 0),
(830, 70, 74, NULL, 0),
(831, 70, 75, 10.00, 0),
(832, 70, 76, NULL, 0),
(833, 70, 77, NULL, 0),
(834, 70, 78, NULL, 0),
(835, 70, 79, NULL, 0),
(836, 70, 80, 10.00, 0),
(837, 70, 81, 6.00, 0),
(838, 70, 82, NULL, 0),
(839, 70, 83, NULL, 0),
(840, 70, 84, NULL, 0),
(841, 71, 97, 9.00, 0),
(842, 71, 98, 9.00, 0),
(843, 71, 99, 7.00, 0),
(844, 71, 100, 9.00, 0),
(845, 71, 101, 4.00, 0),
(846, 71, 102, 6.00, 0),
(847, 71, 103, 10.00, 0),
(848, 71, 104, 6.00, 0),
(849, 71, 105, 10.00, 0),
(850, 71, 106, 8.00, 0),
(851, 71, 107, 8.00, 0),
(852, 71, 108, 4.00, 0),
(853, 72, 73, NULL, 0),
(854, 72, 74, NULL, 0),
(855, 72, 75, NULL, 0),
(856, 72, 76, NULL, 0),
(857, 72, 77, NULL, 0),
(858, 72, 78, NULL, 0),
(859, 72, 79, NULL, 0),
(860, 72, 80, 9.00, 0),
(861, 72, 81, NULL, 0),
(862, 72, 82, 7.00, 0),
(863, 72, 83, NULL, 0),
(864, 72, 84, 9.00, 0),
(865, 73, 73, NULL, 0),
(866, 73, 74, 8.00, 0),
(867, 73, 75, NULL, 0),
(868, 73, 76, NULL, 0),
(869, 73, 77, NULL, 0),
(870, 73, 78, NULL, 0),
(871, 73, 79, NULL, 0),
(872, 73, 80, NULL, 0),
(873, 73, 81, NULL, 0),
(874, 73, 82, NULL, 0),
(875, 73, 83, NULL, 0),
(876, 73, 84, 8.00, 0),
(877, 74, 61, NULL, 0),
(878, 74, 62, 9.00, 0),
(879, 74, 63, 4.00, 0),
(880, 74, 64, NULL, 0),
(881, 74, 65, 10.00, 0),
(882, 74, 66, NULL, 0),
(883, 74, 67, NULL, 0),
(884, 74, 68, NULL, 0),
(885, 74, 69, NULL, 0),
(886, 74, 70, NULL, 0),
(887, 74, 71, NULL, 0),
(888, 74, 72, NULL, 0),
(889, 75, 97, 7.00, 0),
(890, 75, 98, 9.00, 0),
(891, 75, 99, 9.00, 0),
(892, 75, 100, 6.00, 0),
(893, 75, 101, 10.00, 0),
(894, 75, 102, 7.00, 0),
(895, 75, 103, 9.00, 0),
(896, 75, 104, 7.00, 0),
(897, 75, 105, 6.00, 0),
(898, 75, 106, 7.00, 0),
(899, 75, 107, 10.00, 0),
(900, 75, 108, 8.00, 0),
(901, 76, 13, NULL, 0),
(902, 76, 14, NULL, 0),
(903, 76, 15, NULL, 0),
(904, 76, 16, NULL, 0),
(905, 76, 17, NULL, 0),
(906, 76, 18, NULL, 0),
(907, 76, 19, 6.00, 0),
(908, 76, 20, NULL, 0),
(909, 76, 21, NULL, 0),
(910, 76, 22, NULL, 0),
(911, 76, 23, NULL, 0),
(912, 76, 24, NULL, 0),
(913, 77, 85, NULL, 0),
(914, 77, 86, 4.00, 0),
(915, 77, 87, NULL, 0),
(916, 77, 88, NULL, 0),
(917, 77, 89, NULL, 0),
(918, 77, 90, NULL, 0),
(919, 77, 91, NULL, 0),
(920, 77, 92, NULL, 0),
(921, 77, 93, NULL, 0),
(922, 77, 94, NULL, 0),
(923, 77, 95, 9.00, 0),
(924, 77, 96, NULL, 0),
(925, 78, 85, 5.00, 0),
(926, 78, 86, NULL, 0),
(927, 78, 87, NULL, 0),
(928, 78, 88, NULL, 0),
(929, 78, 89, NULL, 0),
(930, 78, 90, NULL, 0),
(931, 78, 91, NULL, 0),
(932, 78, 92, NULL, 0),
(933, 78, 93, NULL, 0),
(934, 78, 94, 5.00, 0),
(935, 78, 95, 10.00, 0),
(936, 78, 96, NULL, 0),
(937, 79, 109, NULL, 0),
(938, 79, 110, NULL, 0),
(939, 79, 111, NULL, 0),
(940, 79, 112, 8.00, 0),
(941, 79, 113, NULL, 0),
(942, 79, 114, 7.00, 0),
(943, 79, 115, NULL, 0),
(944, 79, 116, NULL, 0),
(945, 79, 117, NULL, 0),
(946, 79, 118, NULL, 0),
(947, 79, 119, 4.00, 0),
(948, 79, 120, 6.00, 0),
(949, 80, 97, 6.00, 0),
(950, 80, 98, 5.00, 0),
(951, 80, 99, 7.00, 0),
(952, 80, 100, 6.00, 0),
(953, 80, 101, 10.00, 0),
(954, 80, 102, 10.00, 0),
(955, 80, 103, 6.00, 0),
(956, 80, 104, 9.00, 0),
(957, 80, 105, 10.00, 0),
(958, 80, 106, 4.00, 0),
(959, 80, 107, 8.00, 0),
(960, 80, 108, 5.00, 0),
(961, 81, 37, NULL, 0),
(962, 81, 38, NULL, 0),
(963, 81, 39, NULL, 0),
(964, 81, 40, NULL, 0),
(965, 81, 41, 5.00, 0),
(966, 81, 42, NULL, 0),
(967, 81, 43, NULL, 0),
(968, 81, 44, NULL, 0),
(969, 81, 45, 10.00, 0),
(970, 81, 46, 10.00, 0),
(971, 81, 47, NULL, 0),
(972, 81, 48, NULL, 0),
(973, 82, 49, 5.00, 0),
(974, 82, 50, 5.00, 0),
(975, 82, 51, 5.00, 0),
(976, 82, 52, 10.00, 0),
(977, 82, 53, 7.00, 0),
(978, 82, 54, 9.00, 0),
(979, 82, 55, 7.00, 0),
(980, 82, 56, 10.00, 0),
(981, 82, 57, 4.00, 0),
(982, 82, 58, 5.00, 0),
(983, 82, 59, 8.00, 0),
(984, 82, 60, 10.00, 0),
(985, 83, 37, NULL, 0),
(986, 83, 38, NULL, 0),
(987, 83, 39, NULL, 0),
(988, 83, 40, NULL, 0),
(989, 83, 41, 8.00, 0),
(990, 83, 42, 6.00, 0),
(991, 83, 43, NULL, 0),
(992, 83, 44, NULL, 0),
(993, 83, 45, NULL, 0),
(994, 83, 46, NULL, 0),
(995, 83, 47, 10.00, 0),
(996, 83, 48, NULL, 0),
(997, 84, 109, 10.00, 0),
(998, 84, 110, NULL, 0),
(999, 84, 111, 8.00, 0),
(1000, 84, 112, 10.00, 0),
(1001, 84, 113, NULL, 0),
(1002, 84, 114, NULL, 0),
(1003, 84, 115, NULL, 0),
(1004, 84, 116, NULL, 0),
(1005, 84, 117, NULL, 0),
(1006, 84, 118, NULL, 0),
(1007, 84, 119, 10.00, 0),
(1008, 84, 120, NULL, 0),
(1009, 85, 61, NULL, 0),
(1010, 85, 62, NULL, 0),
(1011, 85, 63, 9.00, 0),
(1012, 85, 64, 7.00, 0),
(1013, 85, 65, NULL, 0),
(1014, 85, 66, NULL, 0),
(1015, 85, 67, NULL, 0),
(1016, 85, 68, NULL, 0),
(1017, 85, 69, NULL, 0),
(1018, 85, 70, NULL, 0),
(1019, 85, 71, NULL, 0),
(1020, 85, 72, NULL, 0),
(1021, 86, 37, NULL, 0),
(1022, 86, 38, NULL, 0),
(1023, 86, 39, 4.00, 0),
(1024, 86, 40, 4.00, 0),
(1025, 86, 41, NULL, 0),
(1026, 86, 42, 10.00, 0),
(1027, 86, 43, 9.00, 0),
(1028, 86, 44, NULL, 0),
(1029, 86, 45, 8.00, 0),
(1030, 86, 46, NULL, 0),
(1031, 86, 47, NULL, 0),
(1032, 86, 48, NULL, 0),
(1033, 87, 25, NULL, 0),
(1034, 87, 26, NULL, 0),
(1035, 87, 27, NULL, 0),
(1036, 87, 28, NULL, 0),
(1037, 87, 29, 6.00, 0),
(1038, 87, 30, 6.00, 0),
(1039, 87, 31, NULL, 0),
(1040, 87, 32, NULL, 0),
(1041, 87, 33, NULL, 0),
(1042, 87, 34, NULL, 0),
(1043, 87, 35, NULL, 0),
(1044, 87, 36, NULL, 0),
(1045, 88, 1, NULL, 0),
(1046, 88, 2, NULL, 0),
(1047, 88, 3, NULL, 0),
(1048, 88, 4, NULL, 0),
(1049, 88, 5, NULL, 0),
(1050, 88, 6, NULL, 0),
(1051, 88, 7, NULL, 0),
(1052, 88, 8, 9.00, 0),
(1053, 88, 9, NULL, 0),
(1054, 88, 10, NULL, 0),
(1055, 88, 11, NULL, 0),
(1056, 88, 12, NULL, 0),
(1057, 89, 61, NULL, 0),
(1058, 89, 62, 4.00, 0),
(1059, 89, 63, NULL, 0),
(1060, 89, 64, NULL, 0),
(1061, 89, 65, 6.00, 0),
(1062, 89, 66, 6.00, 0),
(1063, 89, 67, 8.00, 0),
(1064, 89, 68, NULL, 0),
(1065, 89, 69, NULL, 0),
(1066, 89, 70, NULL, 0),
(1067, 89, 71, NULL, 0),
(1068, 89, 72, NULL, 0),
(1069, 90, 49, 4.00, 0),
(1070, 90, 50, 10.00, 0),
(1071, 90, 51, 9.00, 0),
(1072, 90, 52, 4.00, 0),
(1073, 90, 53, 6.00, 0),
(1074, 90, 54, 4.00, 0),
(1075, 90, 55, 5.00, 0),
(1076, 90, 56, 7.00, 0),
(1077, 90, 57, 10.00, 0),
(1078, 90, 58, 8.00, 0),
(1079, 90, 59, 8.00, 0),
(1080, 90, 60, 6.00, 0),
(1081, 91, 37, NULL, 0),
(1082, 91, 38, NULL, 0),
(1083, 91, 39, NULL, 0),
(1084, 91, 40, NULL, 0),
(1085, 91, 41, 7.00, 0),
(1086, 91, 42, NULL, 0),
(1087, 91, 43, 6.00, 0),
(1088, 91, 44, NULL, 0),
(1089, 91, 45, 5.00, 0),
(1090, 91, 46, 10.00, 0),
(1091, 91, 47, NULL, 0),
(1092, 91, 48, NULL, 0),
(1093, 92, 61, NULL, 0),
(1094, 92, 62, NULL, 0),
(1095, 92, 63, NULL, 0),
(1096, 92, 64, NULL, 0),
(1097, 92, 65, NULL, 0),
(1098, 92, 66, NULL, 0),
(1099, 92, 67, NULL, 0),
(1100, 92, 68, NULL, 0),
(1101, 92, 69, NULL, 0),
(1102, 92, 70, NULL, 0),
(1103, 92, 71, NULL, 0),
(1104, 92, 72, NULL, 0),
(1105, 93, 61, 8.00, 0),
(1106, 93, 62, NULL, 0),
(1107, 93, 63, NULL, 0),
(1108, 93, 64, NULL, 0),
(1109, 93, 65, NULL, 0),
(1110, 93, 66, NULL, 0),
(1111, 93, 67, NULL, 0),
(1112, 93, 68, NULL, 0),
(1113, 93, 69, NULL, 0),
(1114, 93, 70, NULL, 0),
(1115, 93, 71, 6.00, 0),
(1116, 93, 72, NULL, 0),
(1117, 94, 109, NULL, 0),
(1118, 94, 110, NULL, 0),
(1119, 94, 111, NULL, 0),
(1120, 94, 112, 4.00, 0),
(1121, 94, 113, NULL, 0),
(1122, 94, 114, NULL, 0),
(1123, 94, 115, NULL, 0),
(1124, 94, 116, NULL, 0),
(1125, 94, 117, NULL, 0),
(1126, 94, 118, NULL, 0),
(1127, 94, 119, NULL, 0),
(1128, 94, 120, NULL, 0),
(1129, 95, 97, 5.00, 0),
(1130, 95, 98, 10.00, 0),
(1131, 95, 99, 6.00, 0),
(1132, 95, 100, 4.00, 0),
(1133, 95, 101, 10.00, 0),
(1134, 95, 102, 10.00, 0),
(1135, 95, 103, 7.00, 0),
(1136, 95, 104, 8.00, 0),
(1137, 95, 105, 8.00, 0),
(1138, 95, 106, 6.00, 0),
(1139, 95, 107, 4.00, 0),
(1140, 95, 108, 10.00, 0),
(1141, 96, 37, NULL, 0),
(1142, 96, 38, 9.00, 0),
(1143, 96, 39, 7.00, 0),
(1144, 96, 40, NULL, 0),
(1145, 96, 41, NULL, 0),
(1146, 96, 42, NULL, 0),
(1147, 96, 43, NULL, 0),
(1148, 96, 44, NULL, 0),
(1149, 96, 45, NULL, 0),
(1150, 96, 46, NULL, 0),
(1151, 96, 47, NULL, 0),
(1152, 96, 48, NULL, 0),
(1153, 97, 61, 6.00, 0),
(1154, 97, 62, NULL, 0),
(1155, 97, 63, NULL, 0),
(1156, 97, 64, NULL, 0),
(1157, 97, 65, 7.00, 0),
(1158, 97, 66, NULL, 0),
(1159, 97, 67, 10.00, 0),
(1160, 97, 68, 4.00, 0),
(1161, 97, 69, NULL, 0),
(1162, 97, 70, NULL, 0),
(1163, 97, 71, NULL, 0),
(1164, 97, 72, NULL, 0),
(1165, 98, 85, 7.00, 0),
(1166, 98, 86, NULL, 0),
(1167, 98, 87, NULL, 0),
(1168, 98, 88, 4.00, 0),
(1169, 98, 89, NULL, 0),
(1170, 98, 90, 4.00, 0),
(1171, 98, 91, NULL, 0),
(1172, 98, 92, 7.00, 0),
(1173, 98, 93, NULL, 0),
(1174, 98, 94, NULL, 0),
(1175, 98, 95, NULL, 0),
(1176, 98, 96, 7.00, 0),
(1177, 99, 1, NULL, 0),
(1178, 99, 2, NULL, 0),
(1179, 99, 3, NULL, 0),
(1180, 99, 4, NULL, 0),
(1181, 99, 5, 7.00, 0),
(1182, 99, 6, NULL, 0),
(1183, 99, 7, NULL, 0),
(1184, 99, 8, NULL, 0),
(1185, 99, 9, NULL, 0),
(1186, 99, 10, NULL, 0),
(1187, 99, 11, NULL, 0),
(1188, 99, 12, NULL, 0),
(1189, 100, 109, 10.00, 0),
(1190, 100, 110, NULL, 0),
(1191, 100, 111, 10.00, 0),
(1192, 100, 112, NULL, 0),
(1193, 100, 113, NULL, 0),
(1194, 100, 114, NULL, 0),
(1195, 100, 115, NULL, 0),
(1196, 100, 116, NULL, 0),
(1197, 100, 117, 8.00, 0),
(1198, 100, 118, NULL, 0),
(1199, 100, 119, NULL, 0),
(1200, 100, 120, 5.00, 0);

-- --------------------------------------------------------

--
-- Struttura della tabella `module`
--

CREATE TABLE `module` (
  `ModuleID` int(11) NOT NULL,
  `CourseID` int(11) NOT NULL,
  `TeacherID` int(11) DEFAULT NULL,
  `SubjectID` int(11) NOT NULL,
  `ModuleHours` int(11) DEFAULT NULL,
  `isDeleted` tinyint(1) DEFAULT 0
) ENGINE=InnoDB DEFAULT CHARSET=utf8mb4 COLLATE=utf8mb4_general_ci;

--
-- Dump dei dati per la tabella `module`
--

INSERT INTO `module` (`ModuleID`, `CourseID`, `TeacherID`, `SubjectID`, `ModuleHours`, `isDeleted`) VALUES
(1, 1, 17, 13, 100, 0),
(2, 1, 7, 6, 60, 0),
(3, 1, 12, 30, 100, 0),
(4, 1, 3, 48, 30, 0),
(5, 1, 16, 24, 80, 0),
(6, 1, 5, 45, 100, 0),
(7, 1, 14, 29, 20, 0),
(8, 1, 8, 15, 20, 0),
(9, 1, 8, 18, 70, 0),
(10, 1, 14, 23, 60, 0),
(11, 1, 18, 28, 50, 0),
(12, 1, 3, 35, 30, 0),
(13, 2, 10, 9, 30, 0),
(14, 2, 18, 6, 100, 0),
(15, 2, 15, 11, 80, 0),
(16, 2, 17, 25, 20, 0),
(17, 2, 6, 2, 90, 0),
(18, 2, 10, 20, 90, 0),
(19, 2, 3, 14, 80, 0),
(20, 2, 3, 26, 40, 0),
(21, 2, 21, 8, 40, 0),
(22, 2, 9, 10, 70, 0),
(23, 2, 1, 51, 60, 0),
(24, 2, 11, 33, 80, 0),
(25, 3, 8, 43, 60, 0),
(26, 3, 3, 49, 80, 0),
(27, 3, 4, 28, 80, 0),
(28, 3, 16, 45, 30, 0),
(29, 3, 12, 50, 90, 0),
(30, 3, 4, 21, 60, 0),
(31, 3, 5, 22, 70, 0),
(32, 3, 16, 10, 30, 0),
(33, 3, 16, 19, 40, 0),
(34, 3, 12, 18, 50, 0),
(35, 3, 2, 9, 40, 0),
(36, 3, 12, 55, 40, 0),
(37, 4, 14, 53, 30, 0),
(38, 4, 13, 17, 90, 0),
(39, 4, 21, 25, 70, 0),
(40, 4, 20, 52, 90, 0),
(41, 4, 14, 10, 20, 0),
(42, 4, 19, 19, 20, 0),
(43, 4, 13, 43, 50, 0),
(44, 4, 18, 13, 90, 0),
(45, 4, 7, 24, 90, 0),
(46, 4, 5, 30, 80, 0),
(47, 4, 7, 21, 40, 0),
(48, 4, 16, 36, 40, 0),
(49, 5, 5, 26, 50, 0),
(50, 5, 5, 38, 90, 0),
(51, 5, 8, 3, 40, 0),
(52, 5, 10, 9, 20, 0),
(53, 5, 18, 44, 80, 0),
(54, 5, 2, 5, 100, 0),
(55, 5, 5, 33, 80, 0),
(56, 5, 8, 15, 90, 0),
(57, 5, 2, 21, 60, 0),
(58, 5, 16, 39, 80, 0),
(59, 5, 10, 27, 60, 0),
(60, 5, 3, 54, 30, 0),
(61, 6, 5, 26, 100, 0),
(62, 6, 18, 15, 90, 0),
(63, 6, 10, 11, 100, 0),
(64, 6, 18, 20, 100, 0),
(65, 6, 10, 8, 70, 0),
(66, 6, 11, 42, 70, 0),
(67, 6, 18, 16, 50, 0),
(68, 6, 10, 39, 30, 0),
(69, 6, 3, 7, 20, 0),
(70, 6, 8, 19, 40, 0),
(71, 6, 4, 25, 40, 0),
(72, 6, 5, 43, 80, 0),
(73, 7, 1, 6, 70, 0),
(74, 7, 1, 43, 80, 0),
(75, 7, 8, 24, 80, 0),
(76, 7, 19, 8, 50, 0),
(77, 7, 21, 14, 70, 0),
(78, 7, 4, 53, 100, 0),
(79, 7, 6, 27, 70, 0),
(80, 7, 19, 51, 50, 0),
(81, 7, 2, 25, 90, 0),
(82, 7, 4, 19, 100, 0),
(83, 7, 6, 32, 30, 0),
(84, 7, 1, 26, 40, 0),
(85, 8, 9, 35, 70, 0),
(86, 8, 8, 29, 40, 0),
(87, 8, 19, 27, 100, 0),
(88, 8, 12, 44, 70, 0),
(89, 8, 15, 26, 80, 0),
(90, 8, 1, 51, 20, 0),
(91, 8, 5, 2, 90, 0),
(92, 8, 16, 38, 70, 0),
(93, 8, 20, 3, 30, 0),
(94, 8, 19, 42, 30, 0),
(95, 8, 10, 52, 50, 0),
(96, 8, 20, 32, 80, 0),
(97, 9, 10, 21, 60, 0),
(98, 9, 5, 56, 20, 0),
(99, 9, 9, 29, 30, 0),
(100, 9, 7, 48, 80, 0),
(101, 9, 21, 26, 40, 0),
(102, 9, 11, 9, 30, 0),
(103, 9, 7, 4, 20, 0),
(104, 9, 7, 43, 90, 0),
(105, 9, 7, 18, 80, 0),
(106, 9, 12, 36, 80, 0),
(107, 9, 7, 30, 40, 0),
(108, 9, 18, 22, 70, 0),
(109, 10, 11, 6, 50, 0),
(110, 10, 16, 3, 100, 0),
(111, 10, 7, 20, 30, 0),
(112, 10, 14, 14, 40, 0),
(113, 10, 18, 16, 90, 0),
(114, 10, 10, 13, 50, 0),
(115, 10, 17, 8, 90, 0),
(116, 10, 21, 49, 80, 0),
(117, 10, 20, 9, 100, 0),
(118, 10, 14, 31, 30, 0),
(119, 10, 1, 51, 70, 0),
(120, 10, 10, 26, 100, 0);

-- --------------------------------------------------------

--
-- Struttura della tabella `province`
--

CREATE TABLE `province` (
  `ProvinceID` int(11) NOT NULL,
  `ProvinceName` varchar(25) NOT NULL,
  `isDeleted` tinyint(1) DEFAULT 0
) ENGINE=InnoDB DEFAULT CHARSET=utf8mb4 COLLATE=utf8mb4_general_ci;

--
-- Dump dei dati per la tabella `province`
--

INSERT INTO `province` (`ProvinceID`, `ProvinceName`, `isDeleted`) VALUES
(1, 'Agrigento', 0),
(2, 'Caltanissetta', 0),
(3, 'Catania', 0),
(4, 'Enna', 0),
(5, 'Messina', 0),
(6, 'Palermo', 0),
(7, 'Ragusa', 0),
(8, 'Siracusa', 0),
(9, 'Trapani', 0);

-- --------------------------------------------------------

--
-- Struttura della tabella `site`
--

CREATE TABLE `site` (
  `SiteID` int(11) NOT NULL,
  `CityID` int(11) NOT NULL,
  `SiteName` varchar(50) NOT NULL,
  `SiteAddress` varchar(60) NOT NULL,
  `isDeleted` tinyint(1) DEFAULT 0
) ENGINE=InnoDB DEFAULT CHARSET=utf8mb4 COLLATE=utf8mb4_general_ci;

--
-- Dump dei dati per la tabella `site`
--

INSERT INTO `site` (`SiteID`, `CityID`, `SiteName`, `SiteAddress`, `isDeleted`) VALUES
(1, 3, 'Sede di Licata', 'Contrada Contrafatto, 69 Appartamento 0', 0),
(2, 8, 'Sede di Niscemi', 'Strada Giovanna, 72 Appartamento 63', 0),
(3, 17, 'Sede di Piazza Armerina', 'Viale Carlo, 95 Piano 2', 0),
(4, 44, 'Sede di Alcamo', 'Borgo Adriano, 783 Appartamento 6', 0),
(5, 12, 'Sede di Acireale', 'Stretto Graziella, 28 Piano 8', 0),
(6, 9, 'Sede di San Cataldo', 'Viale Ettore, 46 Piano 8', 0),
(7, 5, 'Sede di Sciacca', 'Stretto Patrizia, 45', 0),
(8, 15, 'Sede di Misterbianco', 'Borgo Cecilia, 614', 0),
(9, 23, 'Sede di Milazzo', 'Viale Monti, 88 Appartamento 14', 0),
(10, 16, 'Sede di Enna', 'Incrocio Nicola, 1', 0);

-- --------------------------------------------------------

--
-- Struttura della tabella `student`
--

CREATE TABLE `student` (
  `StudentID` int(11) NOT NULL,
  `UserInfoID` int(11) NOT NULL,
  `CourseID` int(11) DEFAULT NULL,
  `isDeleted` tinyint(1) DEFAULT 0
) ENGINE=InnoDB DEFAULT CHARSET=utf8mb4 COLLATE=utf8mb4_general_ci;

--
-- Dump dei dati per la tabella `student`
--

INSERT INTO `student` (`StudentID`, `UserInfoID`, `CourseID`, `isDeleted`) VALUES
(1, 60, 7, 0),
(2, 148, 3, 0),
(3, 192, 3, 0),
(4, 176, 4, 0),
(5, 115, 10, 0),
(6, 17, 1, 0),
(7, 12, 2, 0),
(8, 161, 7, 0),
(9, 11, 7, 0),
(10, 186, 8, 0),
(11, 120, 3, 0),
(12, 195, 1, 0),
(13, 111, 5, 0),
(14, 54, 5, 0),
(15, 103, 9, 0),
(16, 2, 8, 0),
(17, 75, 3, 0),
(18, 129, 10, 0),
(19, 71, 4, 0),
(20, 109, 5, 0),
(21, 121, 3, 0),
(22, 151, 7, 0),
(23, 172, 6, 0),
(24, 25, 6, 0),
(25, 85, 6, 0),
(26, 65, 10, 0),
(27, 163, 3, 0),
(28, 117, 4, 0),
(29, 157, 9, 0),
(30, 45, 2, 0),
(31, 73, 1, 0),
(32, 135, 9, 0),
(33, 166, 5, 0),
(34, 189, 1, 0),
(35, 134, 9, 0),
(36, 93, 4, 0),
(37, 82, 8, 0),
(38, 177, 10, 0),
(39, 123, 1, 0),
(40, 174, 2, 0),
(41, 57, 4, 0),
(42, 58, 2, 0),
(43, 70, 5, 0),
(44, 23, 8, 0),
(45, 142, 5, 0),
(46, 155, 1, 0),
(47, 180, 1, 0),
(48, 27, 2, 0),
(49, 183, 5, 0),
(50, 72, 2, 0),
(51, 128, 1, 0),
(52, 112, 7, 0),
(53, 146, 6, 0),
(54, 87, 6, 0),
(55, 31, 7, 0),
(56, 1, 9, 0),
(57, 40, 1, 0),
(58, 188, 10, 0),
(59, 35, 5, 0),
(60, 144, 2, 0),
(61, 88, 7, 0),
(62, 165, 7, 0),
(63, 184, 3, 0),
(64, 141, 1, 0),
(65, 5, 2, 0),
(66, 69, 3, 0),
(67, 10, 3, 0),
(68, 100, 1, 0),
(69, 150, 5, 0),
(70, 107, 7, 0),
(71, 193, 9, 0),
(72, 114, 7, 0),
(73, 200, 7, 0),
(74, 53, 6, 0),
(75, 179, 9, 0),
(76, 147, 2, 0),
(77, 15, 8, 0),
(78, 106, 8, 0),
(79, 185, 10, 0),
(80, 138, 9, 0),
(81, 38, 4, 0),
(82, 152, 5, 0),
(83, 92, 4, 0),
(84, 153, 10, 0),
(85, 80, 6, 0),
(86, 61, 4, 0),
(87, 122, 3, 0),
(88, 110, 1, 0),
(89, 52, 6, 0),
(90, 51, 5, 0),
(91, 7, 4, 0),
(92, 28, 6, 0),
(93, 181, 6, 0),
(94, 98, 10, 0),
(95, 3, 9, 0),
(96, 34, 4, 0),
(97, 160, 6, 0),
(98, 199, 8, 0),
(99, 131, 1, 0),
(100, 32, 10, 0);

-- --------------------------------------------------------

--
-- Struttura della tabella `subject`
--

CREATE TABLE `subject` (
  `SubjectID` int(11) NOT NULL,
  `SubjectName` varchar(60) NOT NULL,
  `isDeleted` tinyint(1) DEFAULT 0
) ENGINE=InnoDB DEFAULT CHARSET=utf8mb4 COLLATE=utf8mb4_general_ci;

--
-- Dump dei dati per la tabella `subject`
--

INSERT INTO `subject` (`SubjectID`, `SubjectName`, `isDeleted`) VALUES
(1, 'Fondamenti di informatica e programmazione', 0),
(2, 'Algoritmi e strutture dati', 0),
(3, 'HTML5, CSS3, JavaScript', 0),
(4, 'Framework front-end (React, Angular)', 0),
(5, 'Sviluppo back-end (Node.js, API REST, Database)', 0),
(6, 'Data Management e SQL', 0),
(7, 'Data analysis per sviluppatori', 0),
(8, 'Cloud computing', 0),
(9, 'Intelligenza artificiale applicata al web', 0),
(10, 'Machine Learning e Big Data', 0),
(11, 'DevOps e CI/CD', 0),
(12, 'Sicurezza applicativa e protezione dati', 0),
(13, 'UX/UI Design', 0),
(14, 'Automazione industriale e sistemi meccatronici', 0),
(15, 'Controllori PLC e robotica industriale', 0),
(16, 'Sensori e attuatori', 0),
(17, 'Internet of Things (IoT) per la produzione', 0),
(18, 'Sistemi cyber-fisici e smart factory', 0),
(19, 'Manutenzione predittiva', 0),
(20, 'Analisi dei dati di produzione', 0),
(21, 'Qualità e sicurezza sul lavoro', 0),
(22, 'Normative e certificazioni industriali', 0),
(23, 'Progettazione e integrazione macchine', 0),
(24, 'Architetture di rete e sistemi operativi', 0),
(25, 'Crittografia e protocolli sicuri', 0),
(26, 'Sicurezza delle infrastrutture IT', 0),
(27, 'Penetration testing e ethical hacking', 0),
(28, 'Sicurezza applicativa e vulnerabilità web', 0),
(29, 'Incident response e digital forensics', 0),
(30, 'Sicurezza by design nei servizi digitali', 0),
(31, 'Normative GDPR e privacy', 0),
(32, 'Cloud e sicurezza dei dati', 0),
(33, 'Design grafico e comunicazione visiva', 0),
(34, 'User Experience (UX) e User Interface (UI)', 0),
(35, 'Motion graphics e animazione 2D/3D', 0),
(36, 'Realtà virtuale (VR) e aumentata (AR)', 0),
(37, 'Produzione multimediale e video editing', 0),
(38, 'Prototipazione digitale', 0),
(39, 'Web design responsivo', 0),
(40, 'Storytelling e comunicazione visiva', 0),
(41, 'Strumenti di design (Adobe, Blender, ecc.)', 0),
(42, 'Statistica e probabilità per data science', 0),
(43, 'Big Data e data warehouse', 0),
(44, 'Machine Learning e Deep Learning', 0),
(45, 'Data visualization e dashboarding', 0),
(46, 'Analisi predittiva e modelli statistici', 0),
(47, 'Etica dei dati e data governance', 0),
(48, 'Business Intelligence e cloud analytics', 0),
(49, 'Python per analisi dati', 0),
(50, 'Fondamenti di meccanica e idraulica', 0),
(51, 'Componenti e funzionamento TBM', 0),
(52, 'Sistemi meccatronici per infrastrutture', 0),
(53, 'Controlli automatici e sensoristica', 0),
(54, 'Manutenzione e diagnostica predittiva', 0),
(55, 'Sicurezza cantieri e normativa tecnica', 0),
(56, 'Disegno tecnico e CAD', 0);

-- --------------------------------------------------------

--
-- Struttura della tabella `teacher`
--

CREATE TABLE `teacher` (
  `TeacherID` int(11) NOT NULL,
  `UserInfoID` int(11) NOT NULL,
  `HireDate` date DEFAULT NULL,
  `isDeleted` tinyint(1) DEFAULT 0
) ENGINE=InnoDB DEFAULT CHARSET=utf8mb4 COLLATE=utf8mb4_general_ci;

--
-- Dump dei dati per la tabella `teacher`
--

INSERT INTO `teacher` (`TeacherID`, `UserInfoID`, `HireDate`, `isDeleted`) VALUES
(1, 55, '2021-06-09', 0),
(2, 42, '2022-04-02', 0),
(3, 118, '2021-12-07', 0),
(4, 84, '2022-03-24', 0),
(5, 99, '2023-11-29', 0),
(6, 173, '2021-11-24', 0),
(7, 126, '2023-10-10', 0),
(8, 48, '2025-10-03', 0),
(9, 19, '2025-10-18', 0),
(10, 13, '2022-03-19', 0),
(11, 36, '2024-08-08', 0),
(12, 4, '2021-02-21', 0),
(13, 16, '2023-07-19', 0),
(14, 132, '2020-12-30', 0),
(15, 191, '2022-12-07', 0),
(16, 124, '2023-11-10', 0),
(17, 178, '2023-10-14', 0),
(18, 21, '2021-04-10', 0),
(19, 198, '2025-10-11', 0),
(20, 56, '2024-12-05', 0),
(21, 201, '2022-10-07', 0);

-- --------------------------------------------------------

--
-- Struttura della tabella `tutor`
--

CREATE TABLE `tutor` (
  `TutorID` int(11) NOT NULL,
  `UserInfoID` int(11) NOT NULL,
  `HireDate` date DEFAULT NULL,
  `isDeleted` tinyint(1) DEFAULT 0
) ENGINE=InnoDB DEFAULT CHARSET=utf8mb4 COLLATE=utf8mb4_general_ci;

--
-- Dump dei dati per la tabella `tutor`
--

INSERT INTO `tutor` (`TutorID`, `UserInfoID`, `HireDate`, `isDeleted`) VALUES
(1, 4, '2024-04-06', 0),
(2, 159, '2024-12-10', 0),
(3, 149, '2023-10-20', 0),
(4, 130, '2023-03-04', 0),
(5, 97, '2022-09-18', 0);

-- --------------------------------------------------------

--
-- Struttura della tabella `userinfo`
--

CREATE TABLE `userinfo` (
  `UserInfoID` int(11) NOT NULL,
  `FirstName` varchar(20) NOT NULL,
  `LastName` varchar(20) NOT NULL,
  `Email` varchar(50) NOT NULL,
  `PasswordHash` varchar(255) NOT NULL,
  `PhoneNumber` varchar(15) DEFAULT NULL,
  `BirthDate` date DEFAULT NULL,
  `UserAddress` varchar(60) DEFAULT NULL,
  `CityID` int(11) NOT NULL,
  `isDeleted` tinyint(1) DEFAULT 0
) ENGINE=InnoDB DEFAULT CHARSET=utf8mb4 COLLATE=utf8mb4_general_ci;

--
-- Dump dei dati per la tabella `userinfo`
--

INSERT INTO `userinfo` (`UserInfoID`, `FirstName`, `LastName`, `Email`, `PasswordHash`, `PhoneNumber`, `BirthDate`, `UserAddress`, `CityID`, `isDeleted`) VALUES
(1, 'Galasso', 'Delle', 'emma10@example.com', 'a1cace0257c09653d1103b208a4bd25daefd45b95dcf99b94f160c8a96573379', '+39 042343222', '1983-12-11', 'Via Cardano, 5 Appartamento 69', 16, 0),
(2, 'Sante', 'Vento', 'pierluigifittipaldi@example.com', 'b39593159d89137369589dff156413dec89e27be93e13913b2ba004c307cc4ff', '37703726813', '1996-02-17', 'Viale Panzera, 35', 4, 0),
(3, 'Veronica', 'Tosi', 'rcasalodi@example.org', '72c84d7bcb3edabe780d5ba069150a395d357d575f8d1ce0eda07bc67a63b13d', '3773228090', '1985-09-02', 'Stretto Donatoni, 915', 28, 0),
(4, 'Giorgia', 'Pergolesi', 'solimenaantonino@example.net', 'a76b09858d15a5c160b340e723d742b78b1bf5b533721393d3ad9e074fada429', '32318433188', '1967-12-03', 'Viale Mazzanti, 968 Piano 3', 33, 0),
(5, 'Vincenza', 'Gozzano', 'tulliofilogamo@example.org', '556c99c4761842976772229ea884b0f624f3e66789cbda43acd61b367fa3e56d', '044593517', '1973-02-27', 'Contrada Morena, 378', 2, 0),
(6, 'Renzo', 'Travaglia', 'riccardo11@example.net', '857e61ee30c413142f48ec0319b14c62a2b8f41e5df9442df6c8fe3856669dae', '+39 0931754863', '1979-03-03', 'Contrada Napolitano, 0', 3, 0),
(7, 'Silvestro', 'Bacosi', 'giadarizzo@example.net', '1e1be6825860ba5ad62d580707d0f4333ed4cc2b74c6a8130f9a33306b7aad1a', '088380842', '1995-11-20', 'Viale Riccardi, 6', 20, 0),
(8, 'Orlando', 'Fantini', 'grassigaspare@example.com', '8a092cb5364704fd04a398dec6613e22355bfd9f4be531f191dba1e48c9f5896', '+39 3636830879', '1985-07-15', 'Borgo Santoro, 662', 42, 0),
(9, 'Giampiero', 'Tartaglia', 'qberlusconi@example.com', 'fcd53ebe5dfbfffeaba594f8bcbd07e87afb837cfbb050fca52d5ae8c22d5f67', '+39 34336521014', '1990-03-17', 'Viale Santi, 8 Appartamento 69', 44, 0),
(10, 'Mauro', 'Fantini', 'sjilani@example.org', 'ac20d3596f96451346c682ec84ceb2c739af7badcecac55adbae31c95a1cbe59', '07374919318', '1997-01-16', 'Canale Rembrandt, 217', 28, 0),
(11, 'Natalia', 'Maglio', 'corradivittoria@example.com', 'd90ac71018598d4417970144dd0a4a79d03d3de74118a803ae1b92b697324233', '+39 3505933142', '1987-08-13', 'Contrada Guarneri, 924', 29, 0),
(12, 'Chiara', 'Taccola', 'saracenoalderano@example.net', 'a94ce2712cc8e880976d8c6e8a38d679430263cfcae570a717c193fedc5600c9', '379233677', '2004-02-22', 'Rotonda Petralli, 745 Appartamento 7', 11, 0),
(13, 'Ronaldo', 'Satriani', 'pertilevanessa@example.com', '35a04512461a122dcc32a1de68ed027a9e44586da32406612f0432dcbb687b05', '33953095409', '1992-07-15', 'Rotonda Ceri, 741 Appartamento 86', 21, 0),
(14, 'Lando', 'Nicolucci', 'matilda39@example.com', 'bf55c8eeed903b11b8d06d0f7a83dadd3d9b6c47a7f52adf8030bebdca051785', '+39 0883979205', '1996-07-18', 'Borgo Bianca, 85 Piano 7', 30, 0),
(15, 'Angelina', 'Gabrieli', 'loretta09@example.net', 'd733e4a185eff7a71e96bfe72f71768e8825bd4e9d329d26002377c7d7ede4c7', '+39 07841948382', '1974-08-15', 'Vicolo Alfio, 145 Appartamento 75', 34, 0),
(16, 'Donna', 'Tolentino', 'marinettiricciotti@example.org', 'd0cdac33006f255829552ef46cbd999c3f6c3673026dc6ba3f7b3700310aad1e', '+39 093176606', '1979-11-25', 'Strada Giancarlo, 110 Appartamento 55', 44, 0),
(17, 'Rembrandt', 'Petrucelli', 'rominabertoli@example.com', 'ea841552745b06162760d9d0a01b71f7dc16bab93d62bb3366797c99ab9b0501', '018475757', '1960-05-15', 'Borgo Virgilio, 35', 6, 0),
(18, 'Gianna', 'Littizzetto', 'criccati@example.com', 'b2951a243f2a0cd62a9f7af5e225ffc8701abc953cedf04c6ad799ec938c5814', '+39 0957982357', '2000-02-06', 'Viale Pasqua, 41', 13, 0),
(19, 'Ciro', 'Manolesso', 'osinisi@example.org', '977215f07fa8122778512726fbeecf3b0b5e4eb1450244e0ce69b4a77f1cd133', '+39 032146938', '1972-11-13', 'Contrada Antonini, 15', 41, 0),
(20, 'Antonello', 'Aldobrandi', 'gbotta@example.com', 'fa6fda143148bb4d81484872120b429508dd3dadbb243806afbdc5bd08e2f86c', '099637504', '1997-04-01', 'Canale Lorenzo, 587 Appartamento 0', 26, 0),
(21, 'Cipriano', 'Savorgnan', 'valerio21@example.com', '21487220e5e96b301da4dc473b1516a1028ecd1a91bb0021fb59ba9937d425a6', '34071738481', '1966-04-15', 'Incrocio Bruno, 56 Piano 2', 10, 0),
(22, 'Loredana', 'Sordi', 'amicogaggini@example.com', '180edb0c852d8b313c5b60e3f7e7a9ebba19f8184921c085deb8415d169a919a', '+39 048174442', '1960-02-22', 'Vicolo Elladio, 418', 33, 0),
(23, 'Giada', 'Chittolini', 'isalvini@example.net', 'a57d6d6d59a554a3828a23f5dbc51735b4937def6724d9c8131f10990d89a49a', '+39 3780895349', '1963-11-12', 'Canale Ramona, 83', 1, 0),
(24, 'Bernardo', 'Armellini', 'vduse@example.net', 'd8f39b98c80f211c1bbee5b6f5e7dc4555b8e0053721a28b7221b04fdc9334fd', '+39 094109973', '1993-01-21', 'Incrocio Argentero, 863 Appartamento 99', 35, 0),
(25, 'Pierluigi', 'Prada', 'giannacasaleggio@example.net', '30bbe6acef93be6e6e26ad271fe799c3475ede3edc7b8b3a92c2aae7ba3801be', '+39 3374481573', '1993-12-02', 'Incrocio Platini, 93 Appartamento 5', 40, 0),
(26, 'Gian', 'Bersani', 'grenzi@example.org', '1b26d8cab5ffb75dbcd8c9b2bd5060ec7900e07a384606b38b3db51a9946e2e8', '+39 3279133842', '1978-10-06', 'Vicolo Leonardo, 97', 17, 0),
(27, 'Micheletto', 'Zanazzo', 'filippo44@example.com', 'e57cfd5e27a7b3b108f81626828b08b1223cccaeca0f4f9aa520fda1b8f5169d', '+39 01653735892', '1993-08-14', 'Stretto Perini, 419 Appartamento 4', 17, 0),
(28, 'Pasqual', 'Calgari', 'trezzininiccolo@example.org', 'aae4bb6088614ec4a221efd64daf3891e144bd3b31e5e97e305dd351867eb855', '096582059', '1982-11-03', 'Borgo Bergoglio, 61', 2, 0),
(29, 'Isa', 'Chechi', 'dino95@example.com', '3f41bbbf29e586a88f9db404e24db2510578ba570affd916c8d005f0ccf04ef8', '+39 0350152775', '1996-04-07', 'Viale Liverotti, 5', 16, 0),
(30, 'Isabella', 'Visconti', 'gioachino80@example.com', 'e82901ab245dbda9bf3500571802b92e63e9125dfd3cdd0e4a49d4d5f9dae79f', '016334470', '2005-03-11', 'Viale Ligorio, 2', 41, 0),
(31, 'Orlando', 'Seddio', 'niscoromnileonardo@example.net', '52f75f2ca6e2cd18a71154ef1a4f6dfad6e22698bfb9761302ae992054352b6f', '0865376729', '1968-01-25', 'Stretto Tomaselli, 445 Piano 7', 10, 0),
(32, 'Bartolomeo', 'Turci', 'avogadroteresa@example.org', '03795fc099923a1b6c1a7fcc44468064b9da282520786bb39bafcbd0352e9d9c', '3396629551', '1973-09-04', 'Contrada Valentina, 20 Appartamento 4', 11, 0),
(33, 'Ciro', 'Valmarana', 'dino49@example.net', '83be6caaee4340de3811493f7198a9873de6e2283ef5a5194c98ace61bc23cb9', '343399632', '2005-02-23', 'Canale Giuseppe, 94 Piano 1', 20, 0),
(34, 'Rossana', 'Abate', 'gemma35@example.net', 'fb8154d873b09fd560d1447d66c947561181242f7c0b9acd4b791b97059a7b90', '+39 3602165647', '1972-08-06', 'Contrada Roero, 245', 41, 0),
(35, 'Angelo', 'Piacentini', 'chittolinipiersanti@example.net', '9ecdd5278c0cc31b407236262d0b54be872461072d7de5d1e609f15d12c29f29', '0412238405', '1970-12-12', 'Canale Bianchini, 953 Piano 3', 16, 0),
(36, 'Ernesto', 'Gigli', 'ynicolucci@example.net', 'ad8e0f4be471a505fc18216e98e85a87f9078a5b5165634a5a8d2db950c4cbd9', '037272397', '1961-12-09', 'Contrada Torquato, 68', 37, 0),
(37, 'Tullio', 'Gualandi', 'bcamicione@example.net', '63cf5f8b383f7982a83abc11b226cc5ce8f54082daca4ea58e334e625738eb34', '09618991534', '1977-07-18', 'Rotonda Montecchi, 25 Appartamento 66', 25, 0),
(38, 'Mariana', 'Taliani', 'wlerner@example.net', 'a9f0762ac0184724b33c38521b9b419e310acc17bd768d0218dce8faa3e14716', '+39 01595118213', '1988-10-19', 'Rotonda Pizzo, 53', 24, 0),
(39, 'Dina', 'Bettoni', 'granatellidonatella@example.com', 'dd50d33323c26d1e2c315508240d33fddbc65430112df9a3003add1f4d3b7b14', '079483740', '1986-12-24', 'Canale Segrè, 30', 45, 0),
(40, 'Gianfranco', 'Boiardo', 'costanziloretta@example.org', '6ee319cf9170adedd0eb7b962dc197ac53c2b75d74664b3d75ba6e23e9579e34', '+39 09217333353', '2002-10-13', 'Stretto Luchino, 0 Appartamento 4', 1, 0),
(41, 'Adele', 'Golino', 'romolo60@example.com', '6a5d2e7e555489ab3ceb9212f2fa64ea9beb7ee7bc53d7b8551e61c213781d37', '+39 3483960434', '2006-07-26', 'Strada Milo, 0', 42, 0),
(42, 'Antonello', 'Interiano', 'maria03@example.org', 'cabdfffa782479d28ed4801c3a5ba344019079269516003507ff01fca7453f2f', '0545368652', '1983-04-05', 'Contrada Soprano, 63 Appartamento 41', 24, 0),
(43, 'Luca', 'Schiaparelli', 'renata89@example.com', '2d9f61227e7108257b4a9b5fda3e479c158dbc7b2be08b1844b076fe8fb618ed', '057348718', '1975-10-11', 'Vicolo Gozzi, 45', 31, 0),
(44, 'Adele', 'Gonzaga', 'ferdinando54@example.org', 'b3b49d1a0d4f03d371725bfe4e61e5230aa75b79644bd0e4e048d6889ad68e4b', '+39 351719730', '1969-01-26', 'Contrada Bergoglio, 46 Appartamento 42', 32, 0),
(45, 'Coriolano', 'Brancaccio', 'stefania30@example.org', 'cc771389da6bf3fd0feb08539f02fc7547e215fe7d09193955afdcd995e51311', '+39 0941897547', '1994-03-04', 'Rotonda Lombardo, 651 Piano 5', 45, 0),
(46, 'Hugo', 'Zanichelli', 'giacintoleone@example.net', 'd4934e0138fc3990b6e9b7033a42a5ad8332f2c5b1463c92597bef900f971491', '+39 3230710626', '1960-10-26', 'Viale Antonello, 43 Appartamento 36', 26, 0),
(47, 'Adamo', 'Rusticucci', 'wcollodi@example.net', 'd26dde7029359eb598ecdf839959b600301d1852dad2e1d2079c36521cc06daa', '+39 377883759', '1974-01-13', 'Canale Tarchetti, 44', 13, 0),
(48, 'Annamaria', 'Detti', 'rtarchetti@example.com', '8b49f3a71cbfc9e729326decaa1da20f6c87d8d8c8fb92f634856009f6bcf470', '36218993739', '2000-04-28', 'Strada Federica, 32', 9, 0),
(49, 'Mario', 'Navarria', 'marinapacetti@example.org', '9d85c4bada85bee482f83591e5a2e94eaad653ae091d967d75d1fd482a66c4f7', '+39 01639045347', '2005-02-06', 'Borgo Papetti, 9', 44, 0),
(50, 'Giancarlo', 'Ferretti', 'solaricipriano@example.org', 'b4cb381bd42fb67a6f918ee6caa424040153bf72dca558ea0df2e46c8797ce4e', '+39 092579462', '1974-07-23', 'Strada Melina, 61 Appartamento 73', 13, 0),
(51, 'Arnulfo', 'Chinnici', 'marcellogibilisco@example.com', 'e719f3bc46ce833a160391bc66b01ff6ad2ccdcc1f3e180b2d87f004b2ebf892', '+39 35054799803', '1966-04-30', 'Contrada Zecchini, 9 Piano 6', 32, 0),
(52, 'Elvira', 'Ferraris', 'marcantonio02@example.org', '8682cad6eb2300ed014631760f61b9a29feec26eee53e99b8991a1ace3ac850b', '+39 0773198814', '1994-02-12', 'Viale Livia, 6 Piano 2', 12, 0),
(53, 'Antonella', 'Fracci', 'calcedonionavone@example.net', '381affe8b12ea58630cab25b02bbab69783c11200aa271640dcc2306532d0a65', '0536364890', '1970-09-25', 'Rotonda Opizzi, 9', 8, 0),
(54, 'Oreste', 'Eco', 'bacciogiannini@example.org', 'f130a1eeabd62a78672c1ef574b15de2d5afb95a9515f1479d70a8ec9b1e7cb2', '+39 09259842656', '1988-05-10', 'Canale Gori, 8 Appartamento 0', 8, 0),
(55, 'Costanzo', 'Orlando', 'mmazzi@example.com', 'd20243a81841a0ce94071fca1057f0dc7a05970460b94b7fd764eaac30d1d47e', '+39 3505524631', '1992-11-12', 'Strada Tornatore, 36', 23, 0),
(56, 'Germana', 'Savorgnan', 'costanzo58@example.org', '8fbfc0061f62a4721b108a59e670f5b2c19fd6495932cac5b41b47112a9b6c95', '+39 0974388245', '1969-09-21', 'Incrocio Turchi, 27', 9, 0),
(57, 'Etta', 'Puglisi', 'solarifilippa@example.net', 'caa0ccbd65164a8df12400ab5a41fa12028ca1ec7bd3bc7a569b4f6b83839a7b', '+39 39271280920', '1977-10-22', 'Contrada Venancio, 79', 17, 0),
(58, 'Caterina', 'Argan', 'leonardomonteverdi@example.net', 'c933d7d8d18a7cad1bbf944bf6e5e46a185ae66c2d4e8022b44e50bbabb04dd9', '+39 018519869', '2003-11-15', 'Incrocio Morpurgo, 2', 13, 0),
(59, 'Lazzaro', 'Salata', 'linaginesio@example.net', '3b4b201c71984f4a86c4c9fdfcf3be1c67510bdc28d582cd058552c74153371c', '04091168687', '1968-06-14', 'Viale Leone, 630 Piano 9', 13, 0),
(60, 'Ottone', 'Papafava', 'bernettipanfilo@example.com', '708f6392b6f078d35abb261d7b6713438d2b5f0edf426d8ff188ee3c96b92ec8', '+39 3505310503', '1961-06-14', 'Vicolo Esposito, 4', 5, 0),
(61, 'Serena', 'Casarin', 'ajelloeva@example.org', '6ddb9d2419abdfdcafd61473e5a2254bc3025003ec31236af73be1aafa191d13', '+39 35186738988', '1962-01-01', 'Rotonda Marconi, 94', 37, 0),
(62, 'Elladio', 'Bajamonti', 'calcedonioguidone@example.com', 'f99f53478d95bfa64bc262d631af17e9cc3d5dd4bb16900799cd3a6f8d1de7ae', '3777623298', '2005-05-24', 'Strada Trombetta, 6', 14, 0),
(63, 'Aurora', 'Donà', 'sabatino05@example.com', 'dd011ecac179df51c47b3d1d03a29197f86b1386f6f931e7ee141633f24370f1', '057281713', '1966-10-11', 'Viale Barozzi, 14', 15, 0),
(64, 'Daniele', 'Gonzaga', 'grecanitto@example.org', 'b76802889957b2e485c6883ba9acf1a9e6917d85841f54dca5573aa81f2043af', '+39 05495405921', '1998-07-16', 'Piazza Bettina, 7', 35, 0),
(65, 'Arsenio', 'Trevisani', 'temistocle81@example.com', 'a5c479a1162137cc7210f40d506959f2a472145a1ebf97ea95e1c8d1b173fe2a', '37168376182', '1961-10-03', 'Canale Petrucelli, 21', 45, 0),
(66, 'Nicoletta', 'Tozzo', 'jdossetti@example.org', '64782b493d4e35de592be49ea3a17b3418437072a20bfea80128552a7affa3b6', '37927364791', '1980-06-18', 'Vicolo Anguillara, 85 Piano 6', 18, 0),
(67, 'Ezio', 'Tommaseo', 'luisa21@example.net', 'c56e9bcfa118d352b70eba2b12cb52f641e27125d59d2a9f6293bda8a97ba691', '+39 3778363121', '1974-01-14', 'Incrocio Luciano, 43 Piano 0', 12, 0),
(68, 'Lucio', 'Magnani', 'mbuscetta@example.net', 'b58266303f2990a7faa4cfe7fdbdaf84f6295c42d435d8c01327dd8d7236c672', '+39 3894408381', '1963-07-22', 'Piazza Maurizio, 2 Appartamento 20', 19, 0),
(69, 'Paoletta', 'Pistoletto', 'gverdone@example.net', '25777035c89511ce0e8b07d41574b1c7f22aba967ab4b36157f7190d784a44a9', '0394603231', '1996-02-28', 'Viale Agostino, 740', 40, 0),
(70, 'Annamaria', 'Tebaldi', 'nibalicarla@example.com', 'b3d9fc7af50b282a88f91db07badc7cc6071bef1a55d593ad9b823bec043e39b', '+39 35100118866', '1986-04-13', 'Incrocio Correr, 33', 41, 0),
(71, 'Bernardo', 'Innocenti', 'salgariromana@example.com', '61294d75c1a49443f96b411aefa9cff40962afd71aba5da4432a2e3348d3d747', '+39 3773880015', '1997-03-25', 'Canale Pulci, 839', 17, 0),
(72, 'Giancarlo', 'Scarpa', 'fagianilucia@example.org', 'faca3eea8f308f6799174b62ee3802ddfc98a4491fec86f700968c0460553b60', '3703258436', '1971-02-09', 'Stretto Gianpaolo, 9 Piano 4', 22, 0),
(73, 'Stella', 'Pozzecco', 'dinoerrigo@example.net', 'b1b39bc776d5153bb1f072259f4daf79d5f805ef85a1920f80e42394c76e32e0', '+39 3776511945', '1994-11-15', 'Contrada Dallapé, 66 Appartamento 9', 12, 0),
(74, 'Amadeo', 'Carnera', 'silviogrimani@example.net', '4d853bc36de64f9c7b4adfe5ccd1d6678385dfa8094e4ecb3434d121efa0b433', '0588602846', '1973-04-02', 'Stretto Serlupi, 5', 37, 0),
(75, 'Guido', 'Dibiasi', 'zmontecchi@example.com', 'c343667952c7ae87277b421f9211e6641bc53c533b66881eecebd09c5a8eb434', '+39 375695107', '1970-01-02', 'Incrocio Simone, 26', 32, 0),
(76, 'Cirillo', 'Borgia', 'fedele97@example.com', 'dcb7396af5a6c067b492e7255792cdf616693950c3348a7e2c58f68bbb3bacfb', '+39 046152326', '1966-04-26', 'Canale Cassandra, 889 Piano 9', 26, 0),
(77, 'Alfredo', 'Ficino', 'alderanobarracco@example.org', '21eee43fe3955dbd0d8e7e1bd37f51b09d52961e1267106761098593b28aeabc', '019211752', '1983-06-29', 'Canale Alboni, 251', 27, 0),
(78, 'Renzo', 'Tamborini', 'matilda62@example.org', '5574b2b1fefbd204906c6cdd6efc86b6e8da0424d341f18901dedce755da331f', '0342185898', '1970-08-15', 'Strada Abba, 6', 19, 0),
(79, 'Emilio', 'Gatto', 'semitecoloarsenio@example.com', '2eb38ceddc08f9e936626a12d9a04e52b93ee4d883731f8eb78a943e5c3016b5', '33321419986', '1968-07-01', 'Rotonda Bettina, 70', 41, 0),
(80, 'Gioffre', 'Letta', 'agnesililla@example.net', 'ffd61862b743a5f06faa819809d1dd6b642436c10e7663178fccced1e9dd3af7', '+39 340093879', '1980-01-30', 'Viale Scarlatti, 64', 25, 0),
(81, 'Irma', 'Tartini', 'calogero00@example.net', '7ed7bd55af2311ce5451d9766e9557b98f0fc68c9106d23e11cfa8cd63388604', '+39 042566449', '2000-01-04', 'Via Nicolò, 6', 8, 0),
(82, 'Alfio', 'Catenazzi', 'mguinizzelli@example.org', '3261fab66f033ff0fb45938ab44a6338240a969583f501b9b523b0d3a649fdca', '+39 0933151742', '1980-12-24', 'Via Maderna, 77 Piano 4', 13, 0),
(83, 'Alessia', 'Gangemi', 'rapisardilara@example.com', '748c5313ef2a66cf9189ec596cd86e4cda9bee7d326489157fd33f82d1eafcf7', '043480791', '2001-05-22', 'Stretto Lando, 3 Appartamento 1', 44, 0),
(84, 'Giovanni', 'Dibiasi', 'gstefanelli@example.net', '94db90c278137ba7140b2f52244d5c2a17b34d500bb3a30fe65b29070daf8ae3', '+39 04344851540', '1991-06-26', 'Strada Pisacane, 713 Appartamento 70', 28, 0),
(85, 'Geronimo', 'Bosurgi', 'raffaelegiacometti@example.net', '819a5df9cec92ffdfcfbe0d446913c6883deeab85239f8c3e9885ef00cd2f17d', '+39 094274288', '1982-03-03', 'Vicolo Lancisi, 8 Appartamento 8', 36, 0),
(86, 'Lolita', 'Petralli', 'blerner@example.com', '4bc54d56449abd91c162e74bd9ece4d1cbe9ddf19c20c53a385914850f7e6518', '03312255671', '1960-07-01', 'Borgo Salieri, 192', 20, 0),
(87, 'Flora', 'Donini', 'xbellocchio@example.com', 'b6cf481ffa601a8c768e434b18d2f5f2ec16d8001c866fad0f3c3b653ef58dbe', '+39 3735176522', '1982-05-05', 'Strada Milena, 69', 34, 0),
(88, 'Pierina', 'Marsili', 'domenicotrotta@example.net', 'b1c6d88b3c428b4b333cae774cd2309670ceccb1c48766b9991dec8b9ec47e01', '0425948111', '1972-09-08', 'Via Argento, 7 Piano 3', 20, 0),
(89, 'Delfino', 'Terragni', 'ramazzottiennio@example.org', '9167ca3c00a23d02ab99d51215cfd4ade8acc39e6327c1c425a6cc546ddbc288', '+39 3924796963', '1974-12-11', 'Canale Bragaglia, 0', 28, 0),
(90, 'Barbara', 'Solari', 'portese@example.org', '18c043e8941da5048d82d3d79c8484a3021941159f43c12cc846994c207b681e', '08749005744', '1990-04-01', 'Borgo Stefanelli, 24 Piano 6', 20, 0),
(91, 'Patrizia', 'Turchi', 'serafina23@example.org', '5b93a1e831ad7b7beb9b962bf3fdf9c8b306fc9b20dbc36a354503a805795c7a', '3921643468', '1986-04-26', 'Contrada Sgalambro, 32', 2, 0),
(92, 'Oreste', 'Paolini', 'udinesiantonello@example.com', '4de2be15696836ffd93d62a0941e55024bf04aca7c785593241182b29a0bfe70', '3500265773', '1972-11-11', 'Strada Ferrazzi, 7 Piano 7', 13, 0),
(93, 'Ubaldo', 'Staglieno', 'giulietta87@example.net', 'f834d19a9194f86ead8c70b5dcd263c951d31e692b4bf7b8429e154d2c855d93', '+39 3853284273', '2001-12-24', 'Contrada Raffaello, 529', 37, 0),
(94, 'Pierpaolo', 'Pignatti', 'ricciotticamilleri@example.org', 'b6aab6f8427b0f16827ceb9b332630f3464280264e92dd24f291454eedc8d95a', '+39 0445922302', '1986-12-28', 'Incrocio Aldo, 37 Piano 4', 6, 0),
(95, 'Atenulf', 'Falcone', 'ltagliafierro@example.com', 'cac9b95ffc92d5deb74f7a7cbbf3954c7bf55fdb76dd2cc4676e3f723ec7f541', '087428423', '1975-08-13', 'Viale Parisi, 7', 4, 0),
(96, 'Pierpaolo', 'Procacci', 'brunelleschirossana@example.net', 'dcb7caa17f2f4b30d909bd30fb605384635850e0a749ad22ea0884a87560a9b8', '+39 3303912846', '1961-03-29', 'Vicolo Colletti, 89', 25, 0),
(97, 'Rosaria', 'Omma', 'vidonisabatino@example.org', '13bb5e93077c7ee2d0539680c2ded0be4dc384ba9b4ece53bd68f5171cd80589', '+39 05652414038', '1984-09-26', 'Incrocio Olivetti, 3', 41, 0),
(98, 'Carla', 'Respighi', 'tatianamastandrea@example.org', 'e2ac579cdc6db05dcc1ac8c4a198eb68e9a02a6cac4f43fc71ad098d0de78615', '097518013', '1972-10-30', 'Rotonda Caccianemico, 59', 32, 0),
(99, 'Romana', 'Chindamo', 'niccolotoninelli@example.com', 'faf31ebb98fcffebf4dd74f6a89e147dbd70de29286e0f4f3b478baef5edb3a2', '+39 073425710', '1970-08-21', 'Piazza Mercedes, 6', 41, 0),
(100, 'Romeo', 'Rinaldi', 'gianluca46@example.net', 'beb117813d2143cb88f2c8d47ee5c9277103cce9968472e6ebad0347d440af7e', '+39 0161448671', '1969-04-26', 'Viale Flaiano, 442', 9, 0),
(101, 'Baldassare', 'Filippelli', 'giannuzzirolando@example.com', '39ae92679c643fd56997b738bb33ecb3e57f0f62978abbcd07755c13bf20796e', '+39 3484386058', '1991-02-25', 'Viale Rita, 6', 33, 0),
(102, 'Giustino', 'Onio', 'francesca54@example.net', '922fa1fa15a52b67604024d8c81ea51a1bc95df305f44c68a8cadfaa3ce019db', '+39 3203595847', '2006-12-23', 'Borgo Argentero, 6 Appartamento 39', 8, 0),
(103, 'Loretta', 'Gaggini', 'pellegriniaurora@example.org', '20a10da87a761c50c91d335b265ca6bea70e585d7da90abdf123c4d7825df4c2', '+39 3772184261', '2007-06-11', 'Via Borghese, 28', 10, 0),
(104, 'Angelica', 'Traetta', 'griselda48@example.com', 'f785f2b56562013f6acee9f9c239217047fcf8ffc33eddaeda866f8772b806bd', '09075756100', '1991-03-07', 'Rotonda Ubaldo, 1 Piano 3', 34, 0),
(105, 'Elvira', 'Marrone', 'gioachino47@example.com', '660c525cb7e5c49d0006188f13e3774328700895b9f9a2598c0aef4cc315bdb4', '09843206242', '1960-04-08', 'Viale Papetti, 10 Appartamento 29', 17, 0),
(106, 'Ettore', 'Pontecorvo', 'agucci@example.com', 'abf1d42fba8f61871ada642e0030638aefa3b009a53386db53ed5a898b1b0ed8', '+39 37704892475', '1965-11-23', 'Contrada Chiaramonte, 72 Piano 3', 14, 0),
(107, 'Pier', 'Puglisi', 'hfinetti@example.net', 'b5836f1f1020c73b264a6341e08ad48003a3e8691024f7ec45dfc90e92fc5287', '05656390592', '2001-04-05', 'Borgo Soderini, 22', 39, 0),
(108, 'Gianna', 'Bixio', 'gianluigi84@example.com', '92d7aea6fc701e88026045d0f69cb1b1d5a7f7fc6a4113fcd1183458c77260a8', '+39 0543729106', '1996-10-03', 'Viale Ariasso, 7 Appartamento 0', 16, 0),
(109, 'Lilla', 'Lucciano', 'ktoninelli@example.org', 'aa31f9885592ab42966fef8b9535f29252fc53e99ed153436d9d76376444f912', '+39 351811354', '1989-06-28', 'Viale Squarcione, 863 Piano 3', 13, 0),
(110, 'Carmelo', 'Mortati', 'dpacelli@example.org', '912b78708e165df052f10f5f558ec6dac40b91586bf92f9dff75bdc3aeca87a9', '+39 3344803113', '1968-05-23', 'Borgo Trentin, 77 Piano 1', 37, 0),
(111, 'Luigina', 'Respighi', 'mirkosilvestri@example.com', '9bc811dbf0330f15ea8af211bdc9c7eefef28c7ccb7d4015b52b72e349f4c4ed', '+39 351273844', '1991-11-09', 'Canale Iannucci, 52', 37, 0),
(112, 'Cesare', 'Giannotti', 'ubrunelleschi@example.com', '8e67b6866d53af5d0b610831f36b02c4f3b86057ab8e429c320c288eea4beace', '+39 3519274708', '1984-08-09', 'Canale Napolitano, 2 Appartamento 60', 38, 0),
(113, 'Giulietta', 'Ruggieri', 'qguidone@example.net', '274313cf6b0c6680ad7ece6bf333c5922378bc2b5543394122e9628f2473866b', '+39 01871897841', '1996-02-05', 'Canale Travia, 33 Appartamento 3', 10, 0),
(114, 'Alberico', 'Persico', 'marco70@example.com', 'a3945dfbaa744ad0a62f5abc3a3c6ae0d5b0dcef0d44ddd5548c371c62101785', '+39 034149265', '2006-09-03', 'Piazza Fattori, 6 Appartamento 2', 4, 0),
(115, 'Lucrezia', 'Impastato', 'chiarapacillo@example.net', '74c8a6e34852a13849206fbde00de3a994a4dca9faf4d5578252abb95baf9586', '+39 37118021745', '1970-01-18', 'Borgo Luisa, 8 Appartamento 8', 3, 0),
(116, 'Giampiero', 'Doria', 'ruggeropigafetta@example.com', '1ee3585aa2217aa04a15998e26659639ff9c3ff5a890c38969f5d156cb120e7a', '+39 089276992', '1970-07-02', 'Strada Cuzzocrea, 41', 26, 0),
(117, 'Martino', 'Papetti', 'valentina59@example.org', '76c4e32222edf48c98af98112a5f9eadd2503a5cc869c13db19037c2b63c53d4', '+39 012381442', '1991-07-08', 'Contrada Cipolla, 464', 18, 0),
(118, 'Enzo', 'Salvemini', 'gioacchinobrunello@example.net', 'ea19953adee68ff15aafc566c981c56c4758e78cac6dc74057c4697c5831c283', '+39 0585370725', '1994-08-08', 'Contrada Paola, 95 Piano 5', 43, 0),
(119, 'Ignazio', 'Guarana', 'beppe52@example.com', '9c124975cdf8b1428053752d3cdbf7b81d2b167c82e5623a436adf8de46c7f31', '3608241966', '1968-09-09', 'Viale Doglioni, 91 Appartamento 14', 39, 0),
(120, 'Simone', 'Cociarelli', 'liliana64@example.net', 'eb962801a270f5a86dc84436de55e4a0ae9089ae7f2cac786eb72b0b1acbce77', '+39 042456866', '1988-05-08', 'Contrada Camilleri, 11 Piano 6', 20, 0),
(121, 'Beppe', 'Ceri', 'wfischetti@example.com', 'b2d4f35c52ebc555ee11274a65b167d3974da4cc7cb60e1e5ed4b4537b8ac5ee', '0903872376', '1998-04-29', 'Incrocio Giulio, 113', 12, 0),
(122, 'Tiziana', 'Borghese', 'morellatosonia@example.com', '4172eebc37dee6f6ab9eba8a37cbd29fe4afd5ab065c8a47076c7ce69ffcd7ab', '+39 057312089', '1978-01-29', 'Piazza Tonino, 730 Piano 0', 27, 0),
(123, 'Girolamo', 'Bragadin', 'upaoletti@example.com', 'c1752251a30a549c8fda3f1c00fffb9264f5d857b6d2682259f76349d15a3872', '050558937', '1983-09-21', 'Via Giusti, 1', 17, 0),
(124, 'Pierluigi', 'Sagese', 'grisoninino@example.com', 'f8c729b3d3840bde5bfbbe0751a6de64b88cd04766a614a8aa76d6178f7e3150', '320739622', '1991-08-20', 'Viale Brugnaro, 7 Appartamento 9', 6, 0),
(125, 'Paulina', 'Dandolo', 'vivaldiarnulfo@example.com', 'f695a0733c5ffbca62cbd750975a05b1a1061ff6df14602883a5d57a8b3593fb', '+39 04446141404', '1983-05-14', 'Via Sebastiano, 70', 3, 0),
(126, 'Carla', 'Gravina', 'delfino46@example.org', '974e33bbb258c8b762a1d64f9fafadc3804a556384ff3f495b86991ffc59d96d', '+39 0373322852', '1968-07-17', 'Stretto Colletti, 6', 5, 0),
(127, 'Graziano', 'Traetta', 'marcaccipietro@example.net', '1259afcf9505729c517a3a6f06d3135f14ecd8a20fb4a630a611746937110d50', '08320300507', '1969-05-13', 'Rotonda Vittorio, 60', 5, 0),
(128, 'Ermes', 'Basso', 'eraldo63@example.com', 'ce2bde344e8cd0be76d577a887adafb268c5bfc38d2cb8b86d5085acee0c1b77', '3314916932', '1997-03-23', 'Incrocio Diana, 86 Piano 7', 6, 0),
(129, 'Adele', 'Adinolfi', 'orlando75@example.org', '05a086bff671c07573ae1cf5597886f303229ac5dfbc9860ce0f609d613a1097', '+39 37342909084', '1982-06-05', 'Viale Moschino, 60', 23, 0),
(130, 'Giacinto', 'Agazzi', 'fischettibiagio@example.net', '789396bbbce39054811fa9e78a478b42f0e2c78d024deb69b47e02652dcac138', '0731242388', '1996-07-07', 'Canale Mennea, 1', 19, 0),
(131, 'Costanzo', 'Giradello', 'grazianodulbecco@example.com', '9a404ab448003d721787729f5d0cdeb837601124d224350346deead48563969d', '+39 32254525194', '1977-07-24', 'Strada Valentina, 0 Piano 3', 21, 0),
(132, 'Patrizia', 'Mortati', 'roberto02@example.net', 'aac00890152322abbf26b50b8f2fd1a4f2d9d936e0e3d5c3f1022b93f984d7b0', '+39 0471206574', '1990-06-29', 'Contrada Giacomo, 78 Piano 1', 28, 0),
(133, 'Marta', 'Ruberto', 'gioachino29@example.net', 'ca101a406fe80e3b52752536832b5092ee5cd8c8faa84ec4b39d64ac3f1954e1', '0481461685', '1968-02-22', 'Stretto Pulci, 0', 18, 0),
(134, 'Guarino', 'Navarria', 'manzoniantonella@example.net', '0225ca4e20ea9b573dd7827b5818830c25193f9bda10b910c3c30bdb757b3b31', '+39 0113457596', '1991-02-07', 'Canale Salvemini, 16 Piano 7', 2, 0),
(135, 'Mirko', 'Palmisano', 'sandro94@example.com', 'b780952a9c1a41187ae4e2404a640c0fd3246248ac6021fdfb64a52511138d9c', '+39 34043226403', '2003-01-16', 'Canale Arnulfo, 87', 44, 0),
(136, 'Agostino', 'Fantoni', 'annamaria77@example.net', 'ed0f5454a5cf454e7703fb8f6570e9a0279a6abcc1b7cbaf62bb7b63440354e5', '+39 0959307739', '1986-12-20', 'Rotonda Serafina, 1 Piano 8', 36, 0),
(137, 'Tonia', 'Zaccardo', 'rossanacossiga@example.com', '950f4eceded4ff2eadce7f207ee70246f41dea4acb5c941a62add4c3bd7703d5', '+39 0587028989', '1971-03-13', 'Borgo Dario, 56 Appartamento 60', 18, 0),
(138, 'Donatella', 'Grifeo', 'ruggierolippomano@example.com', '10592cb49baa64ca628bee8d5212b9d9d1a3e9df63493a508d1327ecffae78a8', '+39 034480213', '1972-06-14', 'Rotonda Elena, 41', 7, 0),
(139, 'Alfio', 'Manunta', 'ermes81@example.org', '620fc0fb42eb913d81f6a0272a2239cf07dff9c4563015022a015c50087ce558', '+39 03755441077', '1963-06-17', 'Piazza Ziani, 0 Appartamento 75', 20, 0),
(140, 'Lilla', 'Mastandrea', 'manacordalivio@example.org', '5d82bd5d3dd2fce07f4236774f447d89ac72e520fe0f90d431db358d78f927e6', '+39 0131295763', '1959-11-02', 'Vicolo Montesano, 77', 32, 0),
(141, 'Damiano', 'Terragni', 'elmozaguri@example.com', 'e160534676fc7502a8d664fca9f66c94844128e3c991466f86ec00219c05ba31', '+39 0921045498', '1976-04-02', 'Piazza Polizzi, 54 Piano 7', 31, 0),
(142, 'Nadia', 'Guarana', 'vincenza51@example.net', 'c423d7616c14ccb154719d98b2127ff3cf3db68df484af724f97524c44eea84f', '052184591', '1974-06-25', 'Contrada Michelangelo, 1 Appartamento 4', 26, 0),
(143, 'Saverio', 'Mocenigo', 'ritamajorana@example.com', '5ae96b73d4ff502fbe0c6a759a14efaaf2a10aa5faefd5c0bd5a434f743e8626', '+39 0471920718', '1986-05-31', 'Piazza Napolitano, 81', 12, 0),
(144, 'Dante', 'Adinolfi', 'iannucciansaldo@example.net', 'ba7830ce328d65555de45e3fa0a06e4c6f44b72e50497eb9b042253374c1cfd0', '+39 05662753563', '1993-06-21', 'Canale Michele, 35 Piano 5', 45, 0),
(145, 'Damiano', 'Sgalambro', 'pirandelloivo@example.com', '29ed276b33532171f732eacd54d576bef0438ba2289767ea004e86842a7a0216', '+39 0564094583', '1960-12-23', 'Borgo Dossi, 6', 42, 0),
(146, 'Gioacchino', 'Turci', 'lilla94@example.net', 'a656e8e8b54e43f76da60bb074760ab6c4507b6c1b71bfe04774164f6f9d3152', '0434750905', '2007-01-14', 'Borgo Pavanello, 39 Piano 3', 4, 0),
(147, 'Patrizio', 'Camiscione', 'lazzaro42@example.org', '86b62a593227916eeb5ff4a868595ba8ac583f3659a406c11014fcb003fd4769', '+39 3822513649', '1977-03-08', 'Via Angelica, 114 Appartamento 6', 33, 0),
(148, 'Romina', 'Tognazzi', 'donatella61@example.org', '2c84fb71165acebee71de31358223430c52498fbd983a94de7207db95e181e40', '043491116', '1960-03-27', 'Canale Danilo, 6', 20, 0),
(149, 'Uberto', 'Lupo', 'segrelando@example.org', '0598b7baf1eb46ce76bca1f62da94583383316d0912c5a16775c5ce6d4d8913c', '+39 088244965', '1979-10-01', 'Vicolo Romiti, 84 Appartamento 65', 15, 0),
(150, 'Delfino', 'Cutuli', 'maurilio98@example.org', 'dc6b3712f0f19d011c07e946a6392586a4df7bdd893f154640e88880cd7d4504', '+39 0342763973', '1993-09-18', 'Piazza Traetta, 49', 40, 0),
(151, 'Roberta', 'Stefanelli', 'arsenio57@example.org', '5cf79eabbc8b6464ada74360af36ec5d915de34caa1b9c74793ecf5b657c3a68', '077442807', '2004-01-05', 'Rotonda Ginese, 3', 4, 0),
(152, 'Bruno', 'Milanesi', 'gozzanogastone@example.org', '4f3d597dc171370ef0b5bfdc24ba4e587ea2f451a917b78174fa527f327f8355', '347157385', '1979-05-12', 'Rotonda Guido, 17 Piano 9', 38, 0),
(153, 'Pomponio', 'Bonanno', 'pgozzi@example.net', 'd687810d5a8d9c2db02d8c61fae02c7ae39bfdc8580c4bfa0f66f8eeee22e395', '+39 0782792719', '1968-12-05', 'Contrada Parisi, 59 Appartamento 90', 20, 0),
(154, 'Elvira', 'Tognazzi', 'erranifrancesco@example.com', '055c47d31993134a23c982decdaa7c04e04929be5db4c12ca381167f6a188575', '3517007850', '1970-07-26', 'Stretto Siffredi, 23', 30, 0),
(155, 'Filippo', 'Praga', 'eleanorachechi@example.com', '3620bb4c813a9f9c29747cde5feae521e5ddc1b99fafc4597aa4057133bfa911', '+39 0481617301', '1974-05-30', 'Vicolo Elisa, 78', 22, 0),
(156, 'Giorgia', 'Toso', 'lmalacarne@example.net', '6e272c3ad676493e4c16fc70c8fa015b9a4d4441d6e47d4b827cdcf06b812357', '+39 05476800979', '1981-06-05', 'Borgo Caccioppoli, 56 Appartamento 0', 31, 0),
(157, 'Costantino', 'Branciforte', 'jmannoia@example.com', '3dd3eb364b99c59c41ff18c46d3669d4b0f1acff2f91ebe90322d87d707d4e8c', '0434055960', '1966-12-21', 'Viale Ronaldo, 1', 39, 0),
(158, 'Sabatino', 'Verdone', 'jpedrazzini@example.com', '73eec6c9741acbb2ff81dfb27d148c32dd792449d8295b7460be61fdf278ac7f', '353340798', '2001-04-26', 'Contrada Caterina, 6 Piano 5', 44, 0),
(159, 'Ernesto', 'Iacovelli', 'ammanitigianluigi@example.org', 'b9ebdaa07587a9db7eeb5e29d806778f1e9e5d81a4031597e92e0709cb6cac70', '0523029049', '1982-03-22', 'Vicolo Fiorino, 40', 7, 0),
(160, 'Maria', 'Terragni', 'lodovico66@example.org', '0d5410b661da5ef34c4d90f67e78c9438311a775c94f87028ab7544034e83792', '+39 03546245880', '1975-09-25', 'Incrocio Pavanello, 574', 33, 0),
(161, 'Allegra', 'Scalfaro', 'bramantevincenza@example.com', '895d886d88fb117f0b962031df119c216d58081ceea8fbac71f594a345e4043b', '+39 0396159930', '2004-04-21', 'Contrada Carlo, 66 Piano 9', 31, 0),
(162, 'Priscilla', 'Verga', 'patriziapacillo@example.net', 'f98158e7f828b53db002c19b2ae9e253957b32a239ed8402733944559e4cbae2', '+39 07730966956', '1989-10-24', 'Strada Praga, 1 Piano 9', 42, 0),
(163, 'Raffaellino', 'Vecellio', 'jcusano@example.org', '64c4321ccf1f654810562cdf4f53b39396f8b85f027542724505079da8ab121b', '+39 08169775377', '1968-01-29', 'Viale Gianfrancesco, 944 Appartamento 80', 40, 0),
(164, 'Enzo', 'Ciampi', 'dionigi94@example.com', '25e2989fa363c4abfcdb9e7d2e1b6c2bf3bc71f659ec98ef2bf452ae8813e0de', '+39 0736496074', '1991-12-26', 'Piazza Atenulf, 25', 37, 0),
(165, 'Marcella', 'Simeoni', 'bbarcella@example.com', 'a419a27071b3595b9e2cd7cfb6e7ecbc48b1bc5db53a570d0103b20b044eaffe', '046149340', '1976-07-15', 'Rotonda Parisi, 45', 10, 0),
(166, 'Nicola', 'Bernini', 'vtoso@example.com', '1ef7adbf186935400396361a8402a0162f136feb0a88bd099ce0f80c5d41e4a9', '0432201211', '1992-01-07', 'Strada Carullo, 59 Piano 6', 31, 0),
(167, 'Daniele', 'Odescalchi', 'fabrizia29@example.net', '94c8fc3ea74137d068c41d8cd2d024ca9f495e422ecf7812068183c871ac68c0', '+39 35207943851', '1970-11-17', 'Piazza Augusto, 54 Piano 1', 41, 0),
(168, 'Giulietta', 'Natta', 'guarneridaria@example.net', '0be3bdb921ec42e8d4212bc618da97d6fad41be34c1715ec92e5711c2e6d3c8f', '05869342674', '2001-05-12', 'Vicolo Piero, 793 Piano 4', 43, 0),
(169, 'Mauro', 'Varano', 'sebastianomezzetta@example.com', 'eb552266d53804c55ac58703e07d7a7a4ff89614c4dd92f4c31ac85f068918f3', '0566309769', '1984-11-18', 'Piazza Zaira, 41', 40, 0),
(170, 'Nicola', 'Petruzzi', 'callegaroelmo@example.net', '7e443ca3ca574f9915fab69e2c83fe6817d0d508fb75a4e831c1542467547c14', '09632942122', '2003-12-07', 'Contrada Ottino, 6', 45, 0),
(171, 'Pomponio', 'Trillini', 'gioachinoprodi@example.org', 'fec6bdd10e5a24d641b9d6192f5a9d81e6c673b087859f325c136e57dd708370', '+39 0815694878', '1968-04-16', 'Piazza Granatelli, 61 Piano 3', 31, 0),
(172, 'Ramona', 'Aulenti', 'marcellaoliboni@example.com', 'cf043c62ae1dacde81e5eb97b578f9585dee8514b010e3a895f6beee64e35ccd', '+39 38238437847', '1999-07-07', 'Via Luria, 22 Piano 3', 16, 0),
(173, 'Sole', 'Argurio', 'rusticuccigiacomo@example.com', 'e17094e8134975ba1069f0fe14a1083174cd9a9c0d15d9d53f4a2cfbce15e50c', '036312140', '1986-02-19', 'Contrada Tosto, 21', 9, 0),
(174, 'Severino', 'Lerner', 'puccioguinizzelli@example.org', 'a9841cafa1a5420deba24e4a9e515a21298c0dec1493cef5a251468607234669', '0402787306', '1967-11-01', 'Borgo Berrè, 314 Appartamento 15', 12, 0),
(175, 'Niccolò', 'Cossiga', 'coluccio19@example.net', 'af46c601099b57153014f1875e64435e0c9c641619e21f897a733ce5d02418b3', '+39 330004291', '1980-03-07', 'Rotonda Scaramucci, 77', 22, 0),
(176, 'Cecilia', 'Leonetti', 'boldugraziano@example.org', 'fba0534a13467c8ace2f98fb30da0d4865347b06e6ad71848a790d3e0ddab0e3', '+39 0161480507', '1977-11-10', 'Contrada Vincenza, 12 Piano 3', 3, 0),
(177, 'Ignazio', 'Papetti', 'turchiermanno@example.net', '5dc318b77695c47cbab9d0e467b4612a91a9231198af9a4d0563354c2023deca', '+39 37104658458', '1976-12-06', 'Stretto Marissa, 918', 17, 0),
(178, 'Bianca', 'Cabrini', 'usoffici@example.com', '254c8b8b0203fb72287243bbdc9657ea459382b3c59709f66d623b93b5c1937b', '0757363114', '1999-11-04', 'Via Gianluca, 61', 19, 0),
(179, 'Gianluigi', 'Puccini', 'lpersico@example.net', '0213f743c1b8370ad95e507b6ad1e35356664580a2cafe290339ad4cb9021d75', '+39 338698424', '1969-07-18', 'Contrada Maria, 1', 6, 0),
(180, 'Mario', 'Panatta', 'pignattigiosue@example.net', '23de8e0c0583f7ea48669452eb72365e314890cc115762eac27416a58864488f', '+39 082346929', '1965-12-01', 'Rotonda Micheletti, 38 Appartamento 1', 7, 0),
(181, 'Cesare', 'Condoleo', 'modiglianiippazio@example.net', '86836ee9d211cfa67a35353cd92e43bb2591eec4ae7ed6113f45d77dfe06b6f0', '05324609561', '2001-07-16', 'Strada Pierpaolo, 48', 15, 0),
(182, 'Eliana', 'Endrizzi', 'bianchigianluigi@example.net', '1f4c7f21bd96600c5c0a79b46cdd9e8a2c72b142749a415744b046fbd4af323c', '+39 05358091321', '1969-05-19', 'Strada Giovanna, 293 Appartamento 88', 3, 0),
(183, 'Milena', 'Gentili', 'domenicorapisardi@example.net', '96ad3ef7c2e8b9c5c3731a0fa9908220553e85f22b15d594ef6bc690c1b1eb51', '+39 054540039', '1988-11-05', 'Viale Dina, 944', 17, 0),
(184, 'Marina', 'Satriani', 'vitturidario@example.org', '96734e4daef4b6e0772d1de92bd443e1ae728780d08f623cefac8313501f2cc4', '0161101976', '2006-06-22', 'Viale Matilda, 729 Piano 1', 33, 0),
(185, 'Maria', 'Marino', 'rosatognazzi@example.net', '741975d7a6dd6f55c22e4386ae93aaa31632cc62661e509cc2a51a80ef1312b9', '+39 057266624', '1986-12-15', 'Stretto Guarana, 37 Piano 2', 4, 0),
(186, 'Alphons', 'Gullotta', 'condoleopierina@example.org', '22b0e473dcf9c79dd434bfa0a903290dc6ca4141c4d6b656962d680294d714f2', '+39 057251284', '1992-06-03', 'Contrada Piero, 58', 10, 0),
(187, 'Ludovico', 'Zichichi', 'ruggero32@example.com', '8c86498351c6cbea7cbcdd300ce69b3bc38530418f7504b1ca4d817054d2c64a', '0933915396', '1976-10-16', 'Incrocio Mirco, 5', 43, 0),
(188, 'Angelica', 'Gabrieli', 'laurettagibilisco@example.net', '08295e98f6260f851cf83b101ba55d9a3fa1ad27d8b1690dede86d52043d61ea', '+39 032280868', '1976-10-17', 'Contrada Bignardi, 5 Piano 1', 27, 0),
(189, 'Ermanno', 'Zeffirelli', 'paridemunari@example.net', 'd3f836fda2c40d477c26aa0eba8c20f2843d1a0d64169906dd4edfec2f668a87', '377851820', '1995-07-23', 'Strada Giacomo, 249', 38, 0),
(190, 'Pierangelo', 'Smirnoff', 'zruggieri@example.org', 'df1a19d861a18d0b0759d1c4ceade2e11890f0de452f4376667b2534e08775b6', '3770067577', '1990-02-25', 'Contrada Lilla, 47 Piano 2', 15, 0),
(191, 'Gioffre', 'Stradivari', 'rizzomercedes@example.net', '17d2d268e4509f9f0419ca693c7c80a1ede51f32ef595ac8e3079454eee65d08', '+39 0925935448', '1999-10-09', 'Contrada Gagliano, 296 Appartamento 98', 21, 0),
(192, 'Elena', 'Mancini', 'eborgia@example.com', 'eff9cef7a5df1af4bdb79936af3b3566f4ab73aa0489a81ae13eb980f7d9a1b7', '0141721172', '1984-02-01', 'Rotonda Adriana, 73 Piano 9', 37, 0),
(193, 'Simone', 'Dibiasi', 'ivo01@example.net', 'b8686327b9bc7b078089092b577b00bb5b2b2e2a340763907d0e4433a8e7497e', '3464045521', '1997-07-15', 'Canale Alina, 54 Piano 1', 29, 0),
(194, 'Lazzaro', 'Pizzamano', 'wcoardi@example.org', 'f0683917279d33a5fd737754ecff2a8ff982d75dfbac44ddf9c44ec91665492e', '057378195', '1982-07-03', 'Incrocio Calarco, 98 Appartamento 7', 24, 0),
(195, 'Virgilio', 'Guarana', 'montialessandra@example.org', '96b2dfd7222a20233318ec6e4bfa54f6b1869e5ae972b979ce5d4c6806479e80', '096237054', '1973-05-26', 'Strada Mondadori, 17', 28, 0),
(196, 'Letizia', 'Giacometti', 'bernardomajewski@example.org', 'da1dc7638edaff2023ce8dc6eaab9d8c097b5623ecf18ed04c624ed605f58e25', '35157586756', '1985-01-08', 'Contrada Salvemini, 727 Piano 4', 11, 0),
(197, 'Laura', 'Bixio', 'federica78@example.org', 'b4b99f3ffc4459da8c2ff3f47eaddeb1dedb9a3805b7a228db3bce7ae42f89be', '077140315', '2004-09-28', 'Contrada Giunti, 18 Appartamento 6', 36, 0),
(198, 'Marina', 'Proietti', 'filippiniraffaellino@example.net', '6e35e57ecfe7bf31a532f5dd24433c3f23827dc5d1ab29ecbcde17e4b41f4b5c', '323657039', '1977-06-20', 'Rotonda Achille, 57', 19, 0),
(199, 'Enrico', 'Milanesi', 'nanni78@example.org', 'ac05e5c70eba0bf40501f8dcb72fc0666035e9b665143a0bba8dd113d3f9314d', '34807594424', '1988-01-24', 'Viale Malipiero, 38', 13, 0),
(200, 'Giacobbe', 'Palazzo', 'monicacasellati@example.org', 'cd29c3cb8ed5edfbac18fc4281863e7dedd79e8d944760ea5b995c7db3ba0ac6', '+39 0185405503', '1965-07-28', 'Viale Anguissola, 18 Piano 5', 11, 0),
(201, 'Roberto', 'Bologna', 'bobologna@gmfake.com', '9da2ca4845049e1240c79fb6f861cb70e0ea77c519911cc743274d9d89825c19', '+39 042184389', '2003-02-21', 'Borgo Martina, 63 Appartamento 5', 11, 0);

--
-- Indici per le tabelle scaricate
--

--
-- Indici per le tabelle `city`
--
ALTER TABLE `city`
  ADD PRIMARY KEY (`CityID`),
  ADD UNIQUE KEY `CityName` (`CityName`),
  ADD KEY `fkCityProvinceID` (`ProvinceID`);

--
-- Indici per le tabelle `course`
--
ALTER TABLE `course`
  ADD PRIMARY KEY (`CourseID`),
  ADD UNIQUE KEY `CourseName` (`CourseName`),
  ADD KEY `fkCourseSiteID` (`SiteID`),
  ADD KEY `fkCourseTutorID` (`TutorID`);

--
-- Indici per le tabelle `grade`
--
ALTER TABLE `grade`
  ADD PRIMARY KEY (`GradeID`),
  ADD KEY `fkGradeStudentID` (`StudentID`),
  ADD KEY `fkGradeModuleID` (`ModuleID`);

--
-- Indici per le tabelle `module`
--
ALTER TABLE `module`
  ADD PRIMARY KEY (`ModuleID`),
  ADD KEY `fkModuleCourseID` (`CourseID`),
  ADD KEY `fkModuleTeacherID` (`TeacherID`),
  ADD KEY `fkModuleSubjectID` (`SubjectID`);

--
-- Indici per le tabelle `province`
--
ALTER TABLE `province`
  ADD PRIMARY KEY (`ProvinceID`),
  ADD UNIQUE KEY `ProvinceName` (`ProvinceName`);

--
-- Indici per le tabelle `site`
--
ALTER TABLE `site`
  ADD PRIMARY KEY (`SiteID`),
  ADD UNIQUE KEY `SiteName` (`SiteName`),
  ADD UNIQUE KEY `SiteAddress` (`SiteAddress`),
  ADD KEY `fkSiteCityID` (`CityID`);

--
-- Indici per le tabelle `student`
--
ALTER TABLE `student`
  ADD PRIMARY KEY (`StudentID`),
  ADD KEY `fkStudentUserInfoID` (`UserInfoID`),
  ADD KEY `fkStudentCourseID` (`CourseID`);

--
-- Indici per le tabelle `subject`
--
ALTER TABLE `subject`
  ADD PRIMARY KEY (`SubjectID`),
  ADD UNIQUE KEY `SubjectName` (`SubjectName`);

--
-- Indici per le tabelle `teacher`
--
ALTER TABLE `teacher`
  ADD PRIMARY KEY (`TeacherID`),
  ADD KEY `fkTeacherUserInfoID` (`UserInfoID`);

--
-- Indici per le tabelle `tutor`
--
ALTER TABLE `tutor`
  ADD PRIMARY KEY (`TutorID`),
  ADD KEY `fkTutorUserInfoID` (`UserInfoID`);

--
-- Indici per le tabelle `userinfo`
--
ALTER TABLE `userinfo`
  ADD PRIMARY KEY (`UserInfoID`),
  ADD UNIQUE KEY `Email` (`Email`),
  ADD UNIQUE KEY `PhoneNumber` (`PhoneNumber`),
  ADD UNIQUE KEY `UserAddress` (`UserAddress`),
  ADD KEY `fkUserInfoCityID` (`CityID`);

--
-- AUTO_INCREMENT per le tabelle scaricate
--

--
-- AUTO_INCREMENT per la tabella `city`
--
ALTER TABLE `city`
  MODIFY `CityID` int(11) NOT NULL AUTO_INCREMENT, AUTO_INCREMENT=46;

--
-- AUTO_INCREMENT per la tabella `course`
--
ALTER TABLE `course`
  MODIFY `CourseID` int(11) NOT NULL AUTO_INCREMENT, AUTO_INCREMENT=11;

--
-- AUTO_INCREMENT per la tabella `grade`
--
ALTER TABLE `grade`
  MODIFY `GradeID` int(11) NOT NULL AUTO_INCREMENT, AUTO_INCREMENT=1201;

--
-- AUTO_INCREMENT per la tabella `module`
--
ALTER TABLE `module`
  MODIFY `ModuleID` int(11) NOT NULL AUTO_INCREMENT, AUTO_INCREMENT=121;

--
-- AUTO_INCREMENT per la tabella `province`
--
ALTER TABLE `province`
  MODIFY `ProvinceID` int(11) NOT NULL AUTO_INCREMENT, AUTO_INCREMENT=10;

--
-- AUTO_INCREMENT per la tabella `site`
--
ALTER TABLE `site`
  MODIFY `SiteID` int(11) NOT NULL AUTO_INCREMENT, AUTO_INCREMENT=11;

--
-- AUTO_INCREMENT per la tabella `student`
--
ALTER TABLE `student`
  MODIFY `StudentID` int(11) NOT NULL AUTO_INCREMENT, AUTO_INCREMENT=101;

--
-- AUTO_INCREMENT per la tabella `subject`
--
ALTER TABLE `subject`
  MODIFY `SubjectID` int(11) NOT NULL AUTO_INCREMENT, AUTO_INCREMENT=57;

--
-- AUTO_INCREMENT per la tabella `teacher`
--
ALTER TABLE `teacher`
  MODIFY `TeacherID` int(11) NOT NULL AUTO_INCREMENT, AUTO_INCREMENT=22;

--
-- AUTO_INCREMENT per la tabella `tutor`
--
ALTER TABLE `tutor`
  MODIFY `TutorID` int(11) NOT NULL AUTO_INCREMENT, AUTO_INCREMENT=6;

--
-- AUTO_INCREMENT per la tabella `userinfo`
--
ALTER TABLE `userinfo`
  MODIFY `UserInfoID` int(11) NOT NULL AUTO_INCREMENT, AUTO_INCREMENT=202;

--
-- Limiti per le tabelle scaricate
--

--
-- Limiti per la tabella `city`
--
ALTER TABLE `city`
  ADD CONSTRAINT `fkCityProvinceID` FOREIGN KEY (`ProvinceID`) REFERENCES `province` (`ProvinceID`);

--
-- Limiti per la tabella `course`
--
ALTER TABLE `course`
  ADD CONSTRAINT `fkCourseSiteID` FOREIGN KEY (`SiteID`) REFERENCES `site` (`SiteID`),
  ADD CONSTRAINT `fkCourseTutorID` FOREIGN KEY (`TutorID`) REFERENCES `tutor` (`TutorID`);

--
-- Limiti per la tabella `grade`
--
ALTER TABLE `grade`
  ADD CONSTRAINT `fkGradeModuleID` FOREIGN KEY (`ModuleID`) REFERENCES `module` (`ModuleID`),
  ADD CONSTRAINT `fkGradeStudentID` FOREIGN KEY (`StudentID`) REFERENCES `student` (`StudentID`);

--
-- Limiti per la tabella `module`
--
ALTER TABLE `module`
  ADD CONSTRAINT `fkModuleCourseID` FOREIGN KEY (`CourseID`) REFERENCES `course` (`CourseID`),
  ADD CONSTRAINT `fkModuleSubjectID` FOREIGN KEY (`SubjectID`) REFERENCES `subject` (`SubjectID`),
  ADD CONSTRAINT `fkModuleTeacherID` FOREIGN KEY (`TeacherID`) REFERENCES `teacher` (`TeacherID`);

--
-- Limiti per la tabella `site`
--
ALTER TABLE `site`
  ADD CONSTRAINT `fkSiteCityID` FOREIGN KEY (`CityID`) REFERENCES `city` (`CityID`);

--
-- Limiti per la tabella `student`
--
ALTER TABLE `student`
  ADD CONSTRAINT `fkStudentCourseID` FOREIGN KEY (`CourseID`) REFERENCES `course` (`CourseID`),
  ADD CONSTRAINT `fkStudentUserInfoID` FOREIGN KEY (`UserInfoID`) REFERENCES `userinfo` (`UserInfoID`);

--
-- Limiti per la tabella `teacher`
--
ALTER TABLE `teacher`
  ADD CONSTRAINT `fkTeacherUserInfoID` FOREIGN KEY (`UserInfoID`) REFERENCES `userinfo` (`UserInfoID`);

--
-- Limiti per la tabella `tutor`
--
ALTER TABLE `tutor`
  ADD CONSTRAINT `fkTutorUserInfoID` FOREIGN KEY (`UserInfoID`) REFERENCES `userinfo` (`UserInfoID`);

--
-- Limiti per la tabella `userinfo`
--
ALTER TABLE `userinfo`
  ADD CONSTRAINT `fkUserInfoCityID` FOREIGN KEY (`CityID`) REFERENCES `city` (`CityID`);
COMMIT;

/*!40101 SET CHARACTER_SET_CLIENT=@OLD_CHARACTER_SET_CLIENT */;
/*!40101 SET CHARACTER_SET_RESULTS=@OLD_CHARACTER_SET_RESULTS */;
/*!40101 SET COLLATION_CONNECTION=@OLD_COLLATION_CONNECTION */;
